/*
 Navicat Premium Data Transfer

 Source Server         : localhost
 Source Server Type    : MySQL
 Source Server Version : 50731
 Source Host           : localhost:3306
 Source Schema         : my-springsecurity-plus

 Target Server Type    : MySQL
 Target Server Version : 50731
 File Encoding         : 65001

 Date: 07/11/2020 20:05:45
*/

SET NAMES utf8mb4;
SET FOREIGN_KEY_CHECKS = 0;

-- ----------------------------
-- Table structure for my_dept
-- ----------------------------
DROP TABLE IF EXISTS `my_dept`;
CREATE TABLE `my_dept`  (
  `dept_id` int(32) NOT NULL AUTO_INCREMENT COMMENT 'id值',
  `parent_id` int(32) NULL DEFAULT NULL COMMENT '上级部门',
  `ancestors` varchar(50) CHARACTER SET utf8 COLLATE utf8_general_ci NULL DEFAULT NULL COMMENT '祖级列表',
  `dept_name` varchar(255) CHARACTER SET utf8 COLLATE utf8_general_ci NULL DEFAULT NULL COMMENT '名称',
  `sort` int(5) NULL DEFAULT NULL COMMENT '排序',
  `status` bit(1) NOT NULL COMMENT '状态',
  `create_time` datetime(0) NULL DEFAULT NULL COMMENT '创建时间',
  `update_time` datetime(0) NULL DEFAULT NULL COMMENT '更新时间',
  PRIMARY KEY (`dept_id`) USING BTREE
) ENGINE = InnoDB AUTO_INCREMENT = 8 CHARACTER SET = utf8 COLLATE = utf8_general_ci ROW_FORMAT = Dynamic;

-- ----------------------------
-- Records of my_dept
-- ----------------------------
INSERT INTO `my_dept` VALUES (1, 0, '0', '南京总公司', 1, b'1', '2020-08-19 11:01:09', '2020-09-08 18:21:26');
INSERT INTO `my_dept` VALUES (2, 1, '0,1', '研发部门', 1, b'1', '2020-08-19 11:01:28', '2020-08-19 11:01:30');
INSERT INTO `my_dept` VALUES (3, 1, '0,1', '市场部门', 2, b'1', '2020-08-19 11:01:47', '2020-08-19 11:01:48');
INSERT INTO `my_dept` VALUES (4, 1, '0,1', '运维部门', 3, b'1', '2020-08-19 11:02:01', '2020-08-19 11:02:04');
INSERT INTO `my_dept` VALUES (5, 0, '0', '苏州分公司', 2, b'1', '2020-08-19 11:07:36', '2020-08-27 14:18:48');
INSERT INTO `my_dept` VALUES (6, 5, '0,5', '营销部门', 1, b'1', '2020-08-19 11:08:40', '2020-08-21 20:32:40');
INSERT INTO `my_dept` VALUES (7, 5, '0,5', '运维部门', 2, b'1', '2020-08-19 11:08:56', '2020-09-08 18:03:56');

-- ----------------------------
-- Table structure for my_dict
-- ----------------------------
DROP TABLE IF EXISTS `my_dict`;
CREATE TABLE `my_dict`  (
  `dict_id` int(32) NOT NULL AUTO_INCREMENT COMMENT 'id',
  `dict_name` varchar(255) CHARACTER SET utf8 COLLATE utf8_general_ci NULL DEFAULT NULL COMMENT '字典名称',
  `description` varchar(255) CHARACTER SET utf8 COLLATE utf8_general_ci NULL DEFAULT NULL COMMENT '字典描述',
  `sort` int(32) NULL DEFAULT NULL COMMENT '字典排序',
  `create_by` varchar(255) CHARACTER SET utf8 COLLATE utf8_general_ci NULL DEFAULT NULL COMMENT '创建者',
  `update_by` varchar(255) CHARACTER SET utf8 COLLATE utf8_general_ci NULL DEFAULT NULL COMMENT '更新者',
  `create_time` datetime(0) NULL DEFAULT NULL COMMENT '创建时间',
  `update_time` datetime(0) NULL DEFAULT NULL COMMENT '更新时间',
  PRIMARY KEY (`dict_id`) USING BTREE
) ENGINE = InnoDB AUTO_INCREMENT = 4 CHARACTER SET = utf8 COLLATE = utf8_general_ci ROW_FORMAT = Dynamic;

-- ----------------------------
-- Records of my_dict
-- ----------------------------
INSERT INTO `my_dict` VALUES (1, '性别', '性别字典', 1, 'admin', 'admin', '2020-11-07 15:06:18', '2020-11-07 15:06:20');

-- ----------------------------
-- Table structure for my_dict_detail
-- ----------------------------
DROP TABLE IF EXISTS `my_dict_detail`;
CREATE TABLE `my_dict_detail`  (
  `id` int(32) NOT NULL AUTO_INCREMENT COMMENT 'id值',
  `dict_id` int(32) NULL DEFAULT NULL COMMENT '字典id',
  `label` varchar(255) CHARACTER SET utf8 COLLATE utf8_general_ci NULL DEFAULT NULL COMMENT '字典标签',
  `value` varchar(255) CHARACTER SET utf8 COLLATE utf8_general_ci NULL DEFAULT NULL COMMENT '字典值',
  `sort` int(32) NULL DEFAULT NULL COMMENT '字典详情排序',
  `create_by` varchar(255) CHARACTER SET utf8 COLLATE utf8_general_ci NULL DEFAULT NULL COMMENT '创建者',
  `update_by` varchar(255) CHARACTER SET utf8 COLLATE utf8_general_ci NULL DEFAULT NULL COMMENT '更新者',
  `create_time` datetime(0) NULL DEFAULT NULL COMMENT '创建时间',
  `update_time` datetime(0) NULL DEFAULT NULL COMMENT '更新时间',
  PRIMARY KEY (`id`) USING BTREE
) ENGINE = InnoDB AUTO_INCREMENT = 4 CHARACTER SET = utf8 COLLATE = utf8_general_ci ROW_FORMAT = Dynamic;

-- ----------------------------
-- Records of my_dict_detail
-- ----------------------------
INSERT INTO `my_dict_detail` VALUES (1, 1, '男', '1', 1, NULL, NULL, NULL, NULL);
INSERT INTO `my_dict_detail` VALUES (2, 1, '女', '2', 2, NULL, NULL, NULL, NULL);

-- ----------------------------
-- Table structure for my_job
-- ----------------------------
DROP TABLE IF EXISTS `my_job`;
CREATE TABLE `my_job`  (
  `job_id` int(32) NOT NULL AUTO_INCREMENT COMMENT 'id值',
  `job_name` varchar(255) CHARACTER SET utf8 COLLATE utf8_general_ci NOT NULL COMMENT '岗位名称',
  `status` tinyint(1) NULL DEFAULT NULL COMMENT '岗位状态',
  `sort` int(5) NULL DEFAULT NULL COMMENT '排序',
  `create_time` datetime(0) NULL DEFAULT NULL COMMENT '创建时间',
  `update_time` datetime(0) NULL DEFAULT NULL COMMENT '更新时间',
  PRIMARY KEY (`job_id`) USING BTREE
) ENGINE = InnoDB AUTO_INCREMENT = 4 CHARACTER SET = utf8 COLLATE = utf8_general_ci ROW_FORMAT = Dynamic;

-- ----------------------------
-- Records of my_job
-- ----------------------------
INSERT INTO `my_job` VALUES (1, '部门经理', 1, 1, '2020-08-19 11:14:55', '2020-08-19 11:14:57');
INSERT INTO `my_job` VALUES (2, '人事专员', 1, 2, '2020-08-19 11:15:30', '2020-08-19 11:15:33');
INSERT INTO `my_job` VALUES (3, '普通员工', 1, 3, '2020-08-19 11:16:19', '2020-09-02 10:48:34');

-- ----------------------------
-- Table structure for my_log
-- ----------------------------
DROP TABLE IF EXISTS `my_log`;
CREATE TABLE `my_log`  (
  `log_id` bigint(20) NOT NULL AUTO_INCREMENT COMMENT 'id值',
  `user_name` varchar(255) CHARACTER SET utf8 COLLATE utf8_general_ci NULL DEFAULT NULL COMMENT '用户名',
  `ip` varchar(64) CHARACTER SET utf8 COLLATE utf8_general_ci NULL DEFAULT NULL COMMENT '请求ip',
  `description` varchar(255) CHARACTER SET utf8 COLLATE utf8_general_ci NULL DEFAULT NULL COMMENT '操作描述',
  `params` varchar(255) CHARACTER SET utf8 COLLATE utf8_general_ci NULL DEFAULT NULL COMMENT '参数值',
  `browser` varchar(255) CHARACTER SET utf8 COLLATE utf8_general_ci NULL DEFAULT NULL COMMENT '浏览器',
  `time` bigint(20) NULL DEFAULT NULL COMMENT '执行时间',
  `type` varchar(255) CHARACTER SET utf8 COLLATE utf8_general_ci NULL DEFAULT NULL COMMENT '日志类型',
  `method` varchar(255) CHARACTER SET utf8 COLLATE utf8_general_ci NULL DEFAULT NULL COMMENT '执行方法',
  `create_time` datetime(0) NULL DEFAULT NULL COMMENT '创建时间',
  `exception_detail` text CHARACTER SET utf8 COLLATE utf8_general_ci NULL COMMENT '异常详细信息',
  PRIMARY KEY (`log_id`) USING BTREE
) ENGINE = InnoDB AUTO_INCREMENT = 2760 CHARACTER SET = utf8 COLLATE = utf8_general_ci ROW_FORMAT = Dynamic;

-- ----------------------------
-- Records of my_log
-- ----------------------------
INSERT INTO `my_log` VALUES (2629, 'admin', '192.168.31.61', '查询岗位', '{ pageTableRequest: PageTableRequest(page=null, limit=null, offset=0) jobQueryDto: JobQueryDto(queryName=null, queryStatus=null) }', 'Chrome 8', 1, 'ERROR', 'com.codermy.myspringsecurityplus.admin.controller.JobController.getJobAll()', '2020-10-31 11:21:05', 'java.lang.NullPointerException\r\n	at com.codermy.myspringsecurityplus.admin.service.impl.JobServiceImpl.getJobAll(JobServiceImpl.java:35)\r\n	at com.codermy.myspringsecurityplus.admin.controller.JobController.getJobAll(JobController.java:44)\r\n	at com.codermy.myspringsecurityplus.admin.controller.JobController$$FastClassBySpringCGLIB$$fc005977.invoke(<generated>)\r\n	at org.springframework.cglib.proxy.MethodProxy.invoke(MethodProxy.java:218)\r\n	at org.springframework.aop.framework.CglibAopProxy$CglibMethodInvocation.invokeJoinpoint(CglibAopProxy.java:771)\r\n	at org.springframework.aop.framework.ReflectiveMethodInvocation.proceed(ReflectiveMethodInvocation.java:163)\r\n	at org.springframework.aop.framework.CglibAopProxy$CglibMethodInvocation.proceed(CglibAopProxy.java:749)\r\n	at org.springframework.aop.aspectj.AspectJAfterThrowingAdvice.invoke(AspectJAfterThrowingAdvice.java:62)\r\n	at org.springframework.aop.framework.ReflectiveMethodInvocation.proceed(ReflectiveMethodInvocation.java:175)\r\n	at org.springframework.aop.framework.CglibAopProxy$CglibMethodInvocation.proceed(CglibAopProxy.java:749)\r\n	at org.springframework.aop.aspectj.MethodInvocationProceedingJoinPoint.proceed(MethodInvocationProceedingJoinPoint.java:88)\r\n	at com.codermy.myspringsecurityplus.log.aspect.LogAspect.saveSysLog(LogAspect.java:46)\r\n	at sun.reflect.NativeMethodAccessorImpl.invoke0(Native Method)\r\n	at sun.reflect.NativeMethodAccessorImpl.invoke(NativeMethodAccessorImpl.java:62)\r\n	at sun.reflect.DelegatingMethodAccessorImpl.invoke(DelegatingMethodAccessorImpl.java:43)\r\n	at java.lang.reflect.Method.invoke(Method.java:498)\r\n	at org.springframework.aop.aspectj.AbstractAspectJAdvice.invokeAdviceMethodWithGivenArgs(AbstractAspectJAdvice.java:644)\r\n	at org.springframework.aop.aspectj.AbstractAspectJAdvice.invokeAdviceMethod(AbstractAspectJAdvice.java:633)\r\n	at org.springframework.aop.aspectj.AspectJAroundAdvice.invoke(AspectJAroundAdvice.java:70)\r\n	at org.springframework.aop.framework.ReflectiveMethodInvocation.proceed(ReflectiveMethodInvocation.java:175)\r\n	at org.springframework.aop.framework.CglibAopProxy$CglibMethodInvocation.proceed(CglibAopProxy.java:749)\r\n	at org.springframework.security.access.intercept.aopalliance.MethodSecurityInterceptor.invoke(MethodSecurityInterceptor.java:69)\r\n	at org.springframework.aop.framework.ReflectiveMethodInvocation.proceed(ReflectiveMethodInvocation.java:186)\r\n	at org.springframework.aop.framework.CglibAopProxy$CglibMethodInvocation.proceed(CglibAopProxy.java:749)\r\n	at org.springframework.aop.interceptor.ExposeInvocationInterceptor.invoke(ExposeInvocationInterceptor.java:95)\r\n	at org.springframework.aop.framework.ReflectiveMethodInvocation.proceed(ReflectiveMethodInvocation.java:186)\r\n	at org.springframework.aop.framework.CglibAopProxy$CglibMethodInvocation.proceed(CglibAopProxy.java:749)\r\n	at org.springframework.aop.framework.CglibAopProxy$DynamicAdvisedInterceptor.intercept(CglibAopProxy.java:691)\r\n	at com.codermy.myspringsecurityplus.admin.controller.JobController$$EnhancerBySpringCGLIB$$d9741499.getJobAll(<generated>)\r\n	at sun.reflect.NativeMethodAccessorImpl.invoke0(Native Method)\r\n	at sun.reflect.NativeMethodAccessorImpl.invoke(NativeMethodAccessorImpl.java:62)\r\n	at sun.reflect.DelegatingMethodAccessorImpl.invoke(DelegatingMethodAccessorImpl.java:43)\r\n	at java.lang.reflect.Method.invoke(Method.java:498)\r\n	at org.springframework.web.method.support.InvocableHandlerMethod.doInvoke(InvocableHandlerMethod.java:190)\r\n	at org.springframework.web.method.support.InvocableHandlerMethod.invokeForRequest(InvocableHandlerMethod.java:138)\r\n	at org.springframework.web.servlet.mvc.method.annotation.ServletInvocableHandlerMethod.invokeAndHandle(ServletInvocableHandlerMethod.java:105)\r\n	at org.springframework.web.servlet.mvc.method.annotation.RequestMappingHandlerAdapter.invokeHandlerMethod(RequestMappingHandlerAdapter.java:879)\r\n	at org.springframework.web.servlet.mvc.method.annotation.RequestMappingHandlerAdapter.handleInternal(RequestMappingHandlerAdapter.java:793)\r\n	at org.springframework.web.servlet.mvc.method.AbstractHandlerMethodAdapter.handle(AbstractHandlerMethodAdapter.java:87)\r\n	at org.springframework.web.servlet.DispatcherServlet.doDispatch(DispatcherServlet.java:1040)\r\n	at org.springframework.web.servlet.DispatcherServlet.doService(DispatcherServlet.java:943)\r\n	at org.springframework.web.servlet.FrameworkServlet.processRequest(FrameworkServlet.java:1006)\r\n	at org.springframework.web.servlet.FrameworkServlet.doGet(FrameworkServlet.java:898)\r\n	at javax.servlet.http.HttpServlet.service(HttpServlet.java:634)\r\n	at org.springframework.web.servlet.FrameworkServlet.service(FrameworkServlet.java:883)\r\n	at javax.servlet.http.HttpServlet.service(HttpServlet.java:741)\r\n	at org.apache.catalina.core.ApplicationFilterChain.internalDoFilter(ApplicationFilterChain.java:231)\r\n	at org.apache.catalina.core.ApplicationFilterChain.doFilter(ApplicationFilterChain.java:166)\r\n	at org.apache.tomcat.websocket.server.WsFilter.doFilter(WsFilter.java:53)\r\n	at org.apache.catalina.core.ApplicationFilterChain.internalDoFilter(ApplicationFilterChain.java:193)\r\n	at org.apache.catalina.core.ApplicationFilterChain.doFilter(ApplicationFilterChain.java:166)\r\n	at org.springframework.web.filter.OncePerRequestFilter.doFilter(OncePerRequestFilter.java:113)\r\n	at org.apache.catalina.core.ApplicationFilterChain.internalDoFilter(ApplicationFilterChain.java:193)\r\n	at org.apache.catalina.core.ApplicationFilterChain.doFilter(ApplicationFilterChain.java:166)\r\n	at com.codermy.myspringsecurityplus.security.filter.JwtAuthenticationTokenFilter.doFilterInternal(JwtAuthenticationTokenFilter.java:60)\r\n	at org.springframework.web.filter.OncePerRequestFilter.doFilter(OncePerRequestFilter.java:119)\r\n	at org.apache.catalina.core.ApplicationFilterChain.internalDoFilter(ApplicationFilterChain.java:193)\r\n	at org.apache.catalina.core.ApplicationFilterChain.doFilter(ApplicationFilterChain.java:166)\r\n	at org.springframework.security.web.FilterChainProxy$VirtualFilterChain.doFilter(FilterChainProxy.java:320)\r\n	at org.springframework.security.web.access.intercept.FilterSecurityInterceptor.invoke(FilterSecurityInterceptor.java:126)\r\n	at org.springframework.security.web.access.intercept.FilterSecurityInterceptor.doFilter(FilterSecurityInterceptor.java:90)\r\n	at org.springframework.security.web.FilterChainProxy$VirtualFilterChain.doFilter(FilterChainProxy.java:334)\r\n	at org.springframework.security.web.access.ExceptionTranslationFilter.doFilter(ExceptionTranslationFilter.java:118)\r\n	at org.springframework.security.web.FilterChainProxy$VirtualFilterChain.doFilter(FilterChainProxy.java:334)\r\n	at org.springframework.security.web.session.SessionManagementFilter.doFilter(SessionManagementFilter.java:137)\r\n	at org.springframework.security.web.FilterChainProxy$VirtualFilterChain.doFilter(FilterChainProxy.java:334)\r\n	at org.springframework.security.web.authentication.AnonymousAuthenticationFilter.doFilter(AnonymousAuthenticationFilter.java:111)\r\n	at org.springframework.security.web.FilterChainProxy$VirtualFilterChain.doFilter(FilterChainProxy.java:334)\r\n	at org.springframework.security.web.authentication.rememberme.RememberMeAuthenticationFilter.doFilter(RememberMeAuthenticationFilter.java:158)\r\n	at org.springframework.security.web.FilterChainProxy$VirtualFilterChain.doFilter(FilterChainProxy.java:334)\r\n	at org.springframework.security.web.servletapi.SecurityContextHolderAwareRequestFilter.doFilter(SecurityContextHolderAwareRequestFilter.java:158)\r\n	at org.springframework.security.web.FilterChainProxy$VirtualFilterChain.doFilter(FilterChainProxy.java:334)\r\n	at org.springframework.security.web.savedrequest.RequestCacheAwareFilter.doFilter(RequestCacheAwareFilter.java:63)\r\n	at org.springframework.security.web.FilterChainProxy$VirtualFilterChain.doFilter(FilterChainProxy.java:334)\r\n	at org.springframework.security.web.authentication.www.BasicAuthenticationFilter.doFilterInternal(BasicAuthenticationFilter.java:155)\r\n	at org.springframework.web.filter.OncePerRequestFilter.doFilter(OncePerRequestFilter.java:119)\r\n	at org.springframework.security.web.FilterChainProxy$VirtualFilterChain.doFilter(FilterChainProxy.java:334)\r\n	at org.springframework.security.web.authentication.AbstractAuthenticationProcessingFilter.doFilter(AbstractAuthenticationProcessingFilter.java:200)\r\n	at org.springframework.security.web.FilterChainProxy$VirtualFilterChain.doFilter(FilterChainProxy.java:334)\r\n	at com.codermy.myspringsecurityplus.security.filter.VerifyCodeFilter.doFilterInternal(VerifyCodeFilter.java:51)\r\n	at org.springframework.web.filter.OncePerRequestFilter.doFilter(OncePerRequestFilter.java:119)\r\n	at org.springframework.security.web.FilterChainProxy$VirtualFilterChain.doFilter(FilterChainProxy.java:334)\r\n	at org.springframework.security.web.authentication.logout.LogoutFilter.doFilter(LogoutFilter.java:116)\r\n	at org.springframework.security.web.FilterChainProxy$VirtualFilterChain.doFilter(FilterChainProxy.java:334)\r\n	at org.springframework.security.web.header.HeaderWriterFilter.doHeadersAfter(HeaderWriterFilter.java:92)\r\n	at org.springframework.security.web.header.HeaderWriterFilter.doFilterInternal(HeaderWriterFilter.java:77)\r\n	at org.springframework.web.filter.OncePerRequestFilter.doFilter(OncePerRequestFilter.java:119)\r\n	at org.springframework.security.web.FilterChainProxy$VirtualFilterChain.doFilter(FilterChainProxy.java:334)\r\n	at org.springframework.security.web.context.SecurityContextPersistenceFilter.doFilter(SecurityContextPersistenceFilter.java:105)\r\n	at org.springframework.security.web.FilterChainProxy$VirtualFilterChain.doFilter(FilterChainProxy.java:334)\r\n	at org.springframework.security.web.context.request.async.WebAsyncManagerIntegrationFilter.doFilterInternal(WebAsyncManagerIntegrationFilter.java:56)\r\n	at org.springframework.web.filter.OncePerRequestFilter.doFilter(OncePerRequestFilter.java:119)\r\n	at org.springframework.security.web.FilterChainProxy$VirtualFilterChain.doFilter(FilterChainProxy.java:334)\r\n	at org.springframework.security.web.FilterChainProxy.doFilterInternal(FilterChainProxy.java:215)\r\n	at org.springframework.security.web.FilterChainProxy.doFilter(FilterChainProxy.java:178)\r\n	at org.springframework.web.filter.DelegatingFilterProxy.invokeDelegate(DelegatingFilterProxy.java:358)\r\n	at org.springframework.web.filter.DelegatingFilterProxy.doFilter(DelegatingFilterProxy.java:271)\r\n	at org.apache.catalina.core.ApplicationFilterChain.internalDoFilter(ApplicationFilterChain.java:193)\r\n	at org.apache.catalina.core.ApplicationFilterChain.doFilter(ApplicationFilterChain.java:166)\r\n	at org.springframework.web.filter.RequestContextFilter.doFilterInternal(RequestContextFilter.java:100)\r\n	at org.springframework.web.filter.OncePerRequestFilter.doFilter(OncePerRequestFilter.java:119)\r\n	at org.apache.catalina.core.ApplicationFilterChain.internalDoFilter(ApplicationFilterChain.java:193)\r\n	at org.apache.catalina.core.ApplicationFilterChain.doFilter(ApplicationFilterChain.java:166)\r\n	at org.springframework.web.filter.FormContentFilter.doFilterInternal(FormContentFilter.java:93)\r\n	at org.springframework.web.filter.OncePerRequestFilter.doFilter(OncePerRequestFilter.java:119)\r\n	at org.apache.catalina.core.ApplicationFilterChain.internalDoFilter(ApplicationFilterChain.java:193)\r\n	at org.apache.catalina.core.ApplicationFilterChain.doFilter(ApplicationFilterChain.java:166)\r\n	at org.springframework.web.filter.CharacterEncodingFilter.doFilterInternal(CharacterEncodingFilter.java:201)\r\n	at org.springframework.web.filter.OncePerRequestFilter.doFilter(OncePerRequestFilter.java:119)\r\n	at org.apache.catalina.core.ApplicationFilterChain.internalDoFilter(ApplicationFilterChain.java:193)\r\n	at org.apache.catalina.core.ApplicationFilterChain.doFilter(ApplicationFilterChain.java:166)\r\n	at org.apache.catalina.core.StandardWrapperValve.invoke(StandardWrapperValve.java:202)\r\n	at org.apache.catalina.core.StandardContextValve.invoke(StandardContextValve.java:96)\r\n	at org.apache.catalina.authenticator.AuthenticatorBase.invoke(AuthenticatorBase.java:541)\r\n	at org.apache.catalina.core.StandardHostValve.invoke(StandardHostValve.java:139)\r\n	at org.apache.catalina.valves.ErrorReportValve.invoke(ErrorReportValve.java:92)\r\n	at org.apache.catalina.core.StandardEngineValve.invoke(StandardEngineValve.java:74)\r\n	at org.apache.catalina.connector.CoyoteAdapter.service(CoyoteAdapter.java:343)\r\n	at org.apache.coyote.http11.Http11Processor.service(Http11Processor.java:373)\r\n	at org.apache.coyote.AbstractProcessorLight.process(AbstractProcessorLight.java:65)\r\n	at org.apache.coyote.AbstractProtocol$ConnectionHandler.process(AbstractProtocol.java:868)\r\n	at org.apache.tomcat.util.net.NioEndpoint$SocketProcessor.doRun(NioEndpoint.java:1590)\r\n	at org.apache.tomcat.util.net.SocketProcessorBase.run(SocketProcessorBase.java:49)\r\n	at java.util.concurrent.ThreadPoolExecutor.runWorker(ThreadPoolExecutor.java:1149)\r\n	at java.util.concurrent.ThreadPoolExecutor$Worker.run(ThreadPoolExecutor.java:624)\r\n	at org.apache.tomcat.util.threads.TaskThread$WrappingRunnable.run(TaskThread.java:61)\r\n	at java.lang.Thread.run(Thread.java:748)\r\n');
INSERT INTO `my_log` VALUES (2703, 'admin', '192.168.31.244', '删除所有INFO日志', '{ }', 'Chrome 8', 5, 'INFO', 'com.codermy.myspringsecurityplus.log.controller.LogController.delAllByInfo()', '2020-11-07 16:12:51', NULL);
INSERT INTO `my_log` VALUES (2704, 'admin', '192.168.31.244', '查询字典列表', '{ pageTableRequest: PageTableRequest(page=1, limit=10, offset=0) myDict: MyDict(dictId=null, dictName=null, description=null, sort=null, createBy=null, updateBy=null) }', 'Chrome 8', 28, 'INFO', 'com.codermy.myspringsecurityplus.admin.controller.DictController.getJobAll()', '2020-11-07 16:17:01', NULL);
INSERT INTO `my_log` VALUES (2705, 'admin', '192.168.31.244', '查询字典列表', '{ pageTableRequest: PageTableRequest(page=1, limit=10, offset=0) myDict: MyDict(dictId=null, dictName=null, description=null, sort=null, createBy=null, updateBy=null) }', 'Chrome 8', 5, 'INFO', 'com.codermy.myspringsecurityplus.admin.controller.DictController.getJobAll()', '2020-11-07 16:17:41', NULL);
INSERT INTO `my_log` VALUES (2706, 'admin', '192.168.31.244', '查询字典列表', '{ pageTableRequest: PageTableRequest(page=1, limit=10, offset=0) myDict: MyDict(dictId=null, dictName=null, description=null, sort=null, createBy=null, updateBy=null) }', 'Chrome 8', 29, 'INFO', 'com.codermy.myspringsecurityplus.admin.controller.DictController.getJobAll()', '2020-11-07 16:19:15', NULL);
INSERT INTO `my_log` VALUES (2707, 'admin', '192.168.31.244', '查询岗位', '{ pageTableRequest: PageTableRequest(page=1, limit=10, offset=0) jobQueryDto: JobQueryDto(queryName=null, queryStatus=null) }', 'Chrome 8', 8, 'INFO', 'com.codermy.myspringsecurityplus.admin.controller.JobController.getJobAll()', '2020-11-07 16:19:22', NULL);
INSERT INTO `my_log` VALUES (2708, 'admin', '192.168.31.244', '查询字典列表', '{ pageTableRequest: PageTableRequest(page=1, limit=10, offset=0) myDict: MyDict(dictId=null, dictName=null, description=null, sort=null, createBy=null, updateBy=null) }', 'Chrome 8', 5, 'INFO', 'com.codermy.myspringsecurityplus.admin.controller.DictController.getJobAll()', '2020-11-07 16:19:23', NULL);
INSERT INTO `my_log` VALUES (2709, 'admin', '192.168.31.244', '查询字典列表', '{ pageTableRequest: PageTableRequest(page=1, limit=10, offset=0) myDict: MyDict(dictId=null, dictName=null, description=null, sort=null, createBy=null, updateBy=null) }', 'Chrome 8', 29, 'INFO', 'com.codermy.myspringsecurityplus.admin.controller.DictController.getJobAll()', '2020-11-07 16:22:10', NULL);
INSERT INTO `my_log` VALUES (2710, 'admin', '192.168.31.244', '查询字典列表', '{ pageTableRequest: PageTableRequest(page=1, limit=10, offset=0) myDict: MyDict(dictId=null, dictName=null, description=null, sort=null, createBy=null, updateBy=null) }', 'Chrome 8', 5, 'INFO', 'com.codermy.myspringsecurityplus.admin.controller.DictController.getJobAll()', '2020-11-07 16:23:27', NULL);
INSERT INTO `my_log` VALUES (2711, 'admin', '192.168.31.244', '查询字典列表', '{ pageTableRequest: PageTableRequest(page=1, limit=10, offset=0) myDict: MyDict(dictId=null, dictName=null, description=null, sort=null, createBy=null, updateBy=null) }', 'Chrome 8', 30, 'INFO', 'com.codermy.myspringsecurityplus.admin.controller.DictController.getJobAll()', '2020-11-07 16:25:14', NULL);
INSERT INTO `my_log` VALUES (2712, 'admin', '192.168.31.244', '查询字典列表', '{ pageTableRequest: PageTableRequest(page=1, limit=10, offset=0) myDict: MyDict(dictId=null, dictName=null, description=null, sort=null, createBy=null, updateBy=null) }', 'Chrome 8', 32, 'INFO', 'com.codermy.myspringsecurityplus.admin.controller.DictController.getJobAll()', '2020-11-07 16:27:31', NULL);
INSERT INTO `my_log` VALUES (2713, 'admin', '192.168.31.244', '查询字典列表', '{ pageTableRequest: PageTableRequest(page=1, limit=10, offset=0) myDict: MyDict(dictId=null, dictName=null, description=null, sort=null, createBy=null, updateBy=null) }', 'Chrome 8', 30, 'INFO', 'com.codermy.myspringsecurityplus.admin.controller.DictController.getJobAll()', '2020-11-07 16:29:17', NULL);
INSERT INTO `my_log` VALUES (2714, 'admin', '192.168.31.244', '查询岗位', '{ pageTableRequest: PageTableRequest(page=1, limit=10, offset=0) jobQueryDto: JobQueryDto(queryName=null, queryStatus=null) }', 'Chrome 8', 13, 'INFO', 'com.codermy.myspringsecurityplus.admin.controller.JobController.getJobAll()', '2020-11-07 16:31:43', NULL);
INSERT INTO `my_log` VALUES (2715, 'admin', '192.168.31.244', '查询字典列表', '{ pageTableRequest: PageTableRequest(page=1, limit=10, offset=0) myDict: MyDict(dictId=null, dictName=null, description=null, sort=null, createBy=null, updateBy=null) }', 'Chrome 8', 22, 'INFO', 'com.codermy.myspringsecurityplus.admin.controller.DictController.getJobAll()', '2020-11-07 16:34:26', NULL);
INSERT INTO `my_log` VALUES (2716, 'admin', '192.168.31.244', '查询字典列表', '{ pageTableRequest: PageTableRequest(page=1, limit=10, offset=0) myDict: MyDict(dictId=null, dictName=null, description=null, sort=null, createBy=null, updateBy=null) }', 'Chrome 8', 23, 'INFO', 'com.codermy.myspringsecurityplus.admin.controller.DictController.getJobAll()', '2020-11-07 16:39:06', NULL);
INSERT INTO `my_log` VALUES (2717, 'admin', '192.168.31.244', '查询字典列表', '{ pageTableRequest: PageTableRequest(page=1, limit=10, offset=0) myDict: MyDict(dictId=null, dictName=null, description=null, sort=null, createBy=null, updateBy=null) }', 'Chrome 8', 24, 'INFO', 'com.codermy.myspringsecurityplus.admin.controller.DictController.getJobAll()', '2020-11-07 16:40:41', NULL);
INSERT INTO `my_log` VALUES (2718, 'admin', '192.168.31.244', '查询字典列表', '{ pageTableRequest: PageTableRequest(page=1, limit=10, offset=0) myDict: MyDict(dictId=null, dictName=null, description=null, sort=null, createBy=null, updateBy=null) }', 'Chrome 8', 4, 'INFO', 'com.codermy.myspringsecurityplus.admin.controller.DictController.getJobAll()', '2020-11-07 16:40:43', NULL);
INSERT INTO `my_log` VALUES (2719, 'admin', '192.168.31.244', '查询字典列表', '{ pageTableRequest: PageTableRequest(page=1, limit=10, offset=0) myDict: MyDict(dictId=null, dictName=null, description=null, sort=null, createBy=null, updateBy=null) }', 'Chrome 8', 29, 'INFO', 'com.codermy.myspringsecurityplus.admin.controller.DictController.getJobAll()', '2020-11-07 16:48:19', NULL);
INSERT INTO `my_log` VALUES (2720, 'admin', '192.168.31.244', '查询字典列表', '{ pageTableRequest: PageTableRequest(page=1, limit=10, offset=0) myDict: MyDict(dictId=null, dictName=null, description=null, sort=null, createBy=null, updateBy=null) }', 'Chrome 8', 159, 'INFO', 'com.codermy.myspringsecurityplus.admin.controller.DictController.getJobAll()', '2020-11-07 16:53:09', NULL);
INSERT INTO `my_log` VALUES (2721, 'admin', '192.168.31.244', '查询字典列表', '{ pageTableRequest: PageTableRequest(page=1, limit=10, offset=0) myDict: MyDict(dictId=null, dictName=null, description=null, sort=null, createBy=null, updateBy=null) }', 'Chrome 8', 29, 'INFO', 'com.codermy.myspringsecurityplus.admin.controller.DictController.getJobAll()', '2020-11-07 16:54:49', NULL);
INSERT INTO `my_log` VALUES (2722, 'admin', '192.168.31.244', '查询字典列表', '{ pageTableRequest: PageTableRequest(page=1, limit=10, offset=0) myDict: MyDict(dictId=null, dictName=null, description=null, sort=null, createBy=null, updateBy=null) }', 'Chrome 8', 28, 'INFO', 'com.codermy.myspringsecurityplus.admin.controller.DictController.getJobAll()', '2020-11-07 16:55:43', NULL);
INSERT INTO `my_log` VALUES (2723, 'admin', '192.168.31.244', '查询字典列表', '{ pageTableRequest: PageTableRequest(page=1, limit=10, offset=0) myDict: MyDict(dictId=null, dictName=null, description=null, sort=null, createBy=null, updateBy=null) }', 'Chrome 8', 29, 'INFO', 'com.codermy.myspringsecurityplus.admin.controller.DictController.getJobAll()', '2020-11-07 16:56:42', NULL);
INSERT INTO `my_log` VALUES (2724, 'admin', '192.168.31.244', '查询字典列表', '{ pageTableRequest: PageTableRequest(page=1, limit=10, offset=0) myDict: MyDict(dictId=null, dictName=null, description=null, sort=null, createBy=null, updateBy=null) }', 'Chrome 8', 29, 'INFO', 'com.codermy.myspringsecurityplus.admin.controller.DictController.getJobAll()', '2020-11-07 16:57:42', NULL);
INSERT INTO `my_log` VALUES (2725, 'admin', '192.168.31.244', '查询字典列表', '{ pageTableRequest: PageTableRequest(page=1, limit=10, offset=0) myDict: MyDict(dictId=null, dictName=null, description=null, sort=null, createBy=null, updateBy=null) }', 'Chrome 8', 29, 'INFO', 'com.codermy.myspringsecurityplus.admin.controller.DictController.getJobAll()', '2020-11-07 17:01:03', NULL);
INSERT INTO `my_log` VALUES (2726, 'admin', '192.168.31.244', '查询字典列表', '{ pageTableRequest: PageTableRequest(page=1, limit=10, offset=0) myDict: MyDict(dictId=null, dictName=null, description=null, sort=null, createBy=null, updateBy=null) }', 'Chrome 8', 29, 'INFO', 'com.codermy.myspringsecurityplus.admin.controller.DictController.getJobAll()', '2020-11-07 17:04:29', NULL);
INSERT INTO `my_log` VALUES (2727, 'admin', '192.168.31.244', '查询岗位', '{ pageTableRequest: PageTableRequest(page=1, limit=10, offset=0) jobQueryDto: JobQueryDto(queryName=null, queryStatus=null) }', 'Chrome 8', 21, 'INFO', 'com.codermy.myspringsecurityplus.admin.controller.JobController.getJobAll()', '2020-11-07 17:06:24', NULL);
INSERT INTO `my_log` VALUES (2728, 'admin', '192.168.31.244', '查询字典列表', '{ pageTableRequest: PageTableRequest(page=1, limit=10, offset=0) myDict: MyDict(dictId=null, dictName=null, description=null, sort=null, createBy=null, updateBy=null) }', 'Chrome 8', 29, 'INFO', 'com.codermy.myspringsecurityplus.admin.controller.DictController.getJobAll()', '2020-11-07 17:10:10', NULL);
INSERT INTO `my_log` VALUES (2729, 'admin', '192.168.31.244', '查询字典列表', '{ pageTableRequest: PageTableRequest(page=1, limit=10, offset=0) myDict: MyDict(dictId=null, dictName=null, description=null, sort=null, createBy=null, updateBy=null) }', 'Chrome 8', 31, 'INFO', 'com.codermy.myspringsecurityplus.admin.controller.DictController.getJobAll()', '2020-11-07 17:22:00', NULL);
INSERT INTO `my_log` VALUES (2730, 'admin', '192.168.31.244', '添加字典', '{ myDict: MyDict(dictId=null, dictName=测试, description=描述测试, sort=2, createBy=null, updateBy=null) }', 'Chrome 8', 8, 'INFO', 'com.codermy.myspringsecurityplus.admin.controller.DictController.saveJob()', '2020-11-07 17:22:12', NULL);
INSERT INTO `my_log` VALUES (2731, 'admin', '192.168.31.244', '添加字典', '{ myDict: MyDict(dictId=null, dictName=测试2, description=描述测试, sort=2, createBy=null, updateBy=null) }', 'Chrome 8', 94, 'ERROR', 'com.codermy.myspringsecurityplus.admin.controller.DictController.saveJob()', '2020-11-07 17:22:15', 'org.springframework.dao.DataIntegrityViolationException: \r\n### Error updating database.  Cause: java.sql.SQLIntegrityConstraintViolationException: Column \'dict_id\' cannot be null\r\n### The error may exist in com/codermy/myspringsecurityplus/admin/dao/DictDao.java (best guess)\r\n### The error may involve com.codermy.myspringsecurityplus.admin.dao.DictDao.insertDict-Inline\r\n### The error occurred while setting parameters\r\n### SQL: INSERT INTO my_dict(dict_id,dict_name,description, sort,create_time, update_time)values(?,?,?,?, now(), now())\r\n### Cause: java.sql.SQLIntegrityConstraintViolationException: Column \'dict_id\' cannot be null\n; Column \'dict_id\' cannot be null; nested exception is java.sql.SQLIntegrityConstraintViolationException: Column \'dict_id\' cannot be null\r\n	at org.springframework.jdbc.support.SQLExceptionSubclassTranslator.doTranslate(SQLExceptionSubclassTranslator.java:87)\r\n	at org.springframework.jdbc.support.AbstractFallbackSQLExceptionTranslator.translate(AbstractFallbackSQLExceptionTranslator.java:72)\r\n	at org.springframework.jdbc.support.AbstractFallbackSQLExceptionTranslator.translate(AbstractFallbackSQLExceptionTranslator.java:81)\r\n	at org.mybatis.spring.MyBatisExceptionTranslator.translateExceptionIfPossible(MyBatisExceptionTranslator.java:88)\r\n	at org.mybatis.spring.SqlSessionTemplate$SqlSessionInterceptor.invoke(SqlSessionTemplate.java:440)\r\n	at com.sun.proxy.$Proxy99.insert(Unknown Source)\r\n	at org.mybatis.spring.SqlSessionTemplate.insert(SqlSessionTemplate.java:271)\r\n	at org.apache.ibatis.binding.MapperMethod.execute(MapperMethod.java:62)\r\n	at org.apache.ibatis.binding.MapperProxy$PlainMethodInvoker.invoke(MapperProxy.java:144)\r\n	at org.apache.ibatis.binding.MapperProxy.invoke(MapperProxy.java:85)\r\n	at com.sun.proxy.$Proxy115.insertDict(Unknown Source)\r\n	at com.codermy.myspringsecurityplus.admin.service.impl.DictServiceImpl.insertDict(DictServiceImpl.java:46)\r\n	at com.codermy.myspringsecurityplus.admin.controller.DictController.saveJob(DictController.java:63)\r\n	at com.codermy.myspringsecurityplus.admin.controller.DictController$$FastClassBySpringCGLIB$$1.invoke(<generated>)\r\n	at org.springframework.cglib.proxy.MethodProxy.invoke(MethodProxy.java:218)\r\n	at org.springframework.aop.framework.CglibAopProxy$CglibMethodInvocation.invokeJoinpoint(CglibAopProxy.java:771)\r\n	at org.springframework.aop.framework.ReflectiveMethodInvocation.proceed(ReflectiveMethodInvocation.java:163)\r\n	at org.springframework.aop.framework.CglibAopProxy$CglibMethodInvocation.proceed(CglibAopProxy.java:749)\r\n	at org.springframework.aop.aspectj.AspectJAfterThrowingAdvice.invoke(AspectJAfterThrowingAdvice.java:62)\r\n	at org.springframework.aop.framework.ReflectiveMethodInvocation.proceed(ReflectiveMethodInvocation.java:175)\r\n	at org.springframework.aop.framework.CglibAopProxy$CglibMethodInvocation.proceed(CglibAopProxy.java:749)\r\n	at org.springframework.aop.aspectj.MethodInvocationProceedingJoinPoint.proceed(MethodInvocationProceedingJoinPoint.java:88)\r\n	at com.codermy.myspringsecurityplus.log.aspect.LogAspect.saveSysLog(LogAspect.java:46)\r\n	at sun.reflect.NativeMethodAccessorImpl.invoke0(Native Method)\r\n	at sun.reflect.NativeMethodAccessorImpl.invoke(NativeMethodAccessorImpl.java:62)\r\n	at sun.reflect.DelegatingMethodAccessorImpl.invoke(DelegatingMethodAccessorImpl.java:43)\r\n	at java.lang.reflect.Method.invoke(Method.java:498)\r\n	at org.springframework.aop.aspectj.AbstractAspectJAdvice.invokeAdviceMethodWithGivenArgs(AbstractAspectJAdvice.java:644)\r\n	at org.springframework.aop.aspectj.AbstractAspectJAdvice.invokeAdviceMethod(AbstractAspectJAdvice.java:633)\r\n	at org.springframework.aop.aspectj.AspectJAroundAdvice.invoke(AspectJAroundAdvice.java:70)\r\n	at org.springframework.aop.framework.ReflectiveMethodInvocation.proceed(ReflectiveMethodInvocation.java:175)\r\n	at org.springframework.aop.framework.CglibAopProxy$CglibMethodInvocation.proceed(CglibAopProxy.java:749)\r\n	at org.springframework.security.access.intercept.aopalliance.MethodSecurityInterceptor.invoke(MethodSecurityInterceptor.java:69)\r\n	at org.springframework.aop.framework.ReflectiveMethodInvocation.proceed(ReflectiveMethodInvocation.java:186)\r\n	at org.springframework.aop.framework.CglibAopProxy$CglibMethodInvocation.proceed(CglibAopProxy.java:749)\r\n	at org.springframework.aop.interceptor.ExposeInvocationInterceptor.invoke(ExposeInvocationInterceptor.java:95)\r\n	at org.springframework.aop.framework.ReflectiveMethodInvocation.proceed(ReflectiveMethodInvocation.java:186)\r\n	at org.springframework.aop.framework.CglibAopProxy$CglibMethodInvocation.proceed(CglibAopProxy.java:749)\r\n	at org.springframework.aop.framework.CglibAopProxy$DynamicAdvisedInterceptor.intercept(CglibAopProxy.java:691)\r\n	at com.codermy.myspringsecurityplus.admin.controller.DictController$$EnhancerBySpringCGLIB$$1.saveJob(<generated>)\r\n	at sun.reflect.NativeMethodAccessorImpl.invoke0(Native Method)\r\n	at sun.reflect.NativeMethodAccessorImpl.invoke(NativeMethodAccessorImpl.java:62)\r\n	at sun.reflect.DelegatingMethodAccessorImpl.invoke(DelegatingMethodAccessorImpl.java:43)\r\n	at java.lang.reflect.Method.invoke(Method.java:498)\r\n	at org.springframework.web.method.support.InvocableHandlerMethod.doInvoke(InvocableHandlerMethod.java:190)\r\n	at org.springframework.web.method.support.InvocableHandlerMethod.invokeForRequest(InvocableHandlerMethod.java:138)\r\n	at org.springframework.web.servlet.mvc.method.annotation.ServletInvocableHandlerMethod.invokeAndHandle(ServletInvocableHandlerMethod.java:105)\r\n	at org.springframework.web.servlet.mvc.method.annotation.RequestMappingHandlerAdapter.invokeHandlerMethod(RequestMappingHandlerAdapter.java:879)\r\n	at org.springframework.web.servlet.mvc.method.annotation.RequestMappingHandlerAdapter.handleInternal(RequestMappingHandlerAdapter.java:793)\r\n	at org.springframework.web.servlet.mvc.method.AbstractHandlerMethodAdapter.handle(AbstractHandlerMethodAdapter.java:87)\r\n	at org.springframework.web.servlet.DispatcherServlet.doDispatch(DispatcherServlet.java:1040)\r\n	at org.springframework.web.servlet.DispatcherServlet.doService(DispatcherServlet.java:943)\r\n	at org.springframework.web.servlet.FrameworkServlet.processRequest(FrameworkServlet.java:1006)\r\n	at org.springframework.web.servlet.FrameworkServlet.doPost(FrameworkServlet.java:909)\r\n	at javax.servlet.http.HttpServlet.service(HttpServlet.java:660)\r\n	at org.springframework.web.servlet.FrameworkServlet.service(FrameworkServlet.java:883)\r\n	at javax.servlet.http.HttpServlet.service(HttpServlet.java:741)\r\n	at org.apache.catalina.core.ApplicationFilterChain.internalDoFilter(ApplicationFilterChain.java:231)\r\n	at org.apache.catalina.core.ApplicationFilterChain.doFilter(ApplicationFilterChain.java:166)\r\n	at org.apache.tomcat.websocket.server.WsFilter.doFilter(WsFilter.java:53)\r\n	at org.apache.catalina.core.ApplicationFilterChain.internalDoFilter(ApplicationFilterChain.java:193)\r\n	at org.apache.catalina.core.ApplicationFilterChain.doFilter(ApplicationFilterChain.java:166)\r\n	at org.springframework.web.filter.OncePerRequestFilter.doFilter(OncePerRequestFilter.java:113)\r\n	at org.apache.catalina.core.ApplicationFilterChain.internalDoFilter(ApplicationFilterChain.java:193)\r\n	at org.apache.catalina.core.ApplicationFilterChain.doFilter(ApplicationFilterChain.java:166)\r\n	at com.codermy.myspringsecurityplus.security.filter.JwtAuthenticationTokenFilter.doFilterInternal(JwtAuthenticationTokenFilter.java:60)\r\n	at org.springframework.web.filter.OncePerRequestFilter.doFilter(OncePerRequestFilter.java:119)\r\n	at org.apache.catalina.core.ApplicationFilterChain.internalDoFilter(ApplicationFilterChain.java:193)\r\n	at org.apache.catalina.core.ApplicationFilterChain.doFilter(ApplicationFilterChain.java:166)\r\n	at org.springframework.security.web.FilterChainProxy$VirtualFilterChain.doFilter(FilterChainProxy.java:320)\r\n	at org.springframework.security.web.access.intercept.FilterSecurityInterceptor.invoke(FilterSecurityInterceptor.java:126)\r\n	at org.springframework.security.web.access.intercept.FilterSecurityInterceptor.doFilter(FilterSecurityInterceptor.java:90)\r\n	at org.springframework.security.web.FilterChainProxy$VirtualFilterChain.doFilter(FilterChainProxy.java:334)\r\n	at org.springframework.security.web.access.ExceptionTranslationFilter.doFilter(ExceptionTranslationFilter.java:118)\r\n	at org.springframework.security.web.FilterChainProxy$VirtualFilterChain.doFilter(FilterChainProxy.java:334)\r\n	at org.springframework.security.web.session.SessionManagementFilter.doFilter(SessionManagementFilter.java:137)\r\n	at org.springframework.security.web.FilterChainProxy$VirtualFilterChain.doFilter(FilterChainProxy.java:334)\r\n	at org.springframework.security.web.authentication.AnonymousAuthenticationFilter.doFilter(AnonymousAuthenticationFilter.java:111)\r\n	at org.springframework.security.web.FilterChainProxy$VirtualFilterChain.doFilter(FilterChainProxy.java:334)\r\n	at org.springframework.security.web.authentication.rememberme.RememberMeAuthenticationFilter.doFilter(RememberMeAuthenticationFilter.java:158)\r\n	at org.springframework.security.web.FilterChainProxy$VirtualFilterChain.doFilter(FilterChainProxy.java:334)\r\n	at org.springframework.security.web.servletapi.SecurityContextHolderAwareRequestFilter.doFilter(SecurityContextHolderAwareRequestFilter.java:158)\r\n	at org.springframework.security.web.FilterChainProxy$VirtualFilterChain.doFilter(FilterChainProxy.java:334)\r\n	at org.springframework.security.web.savedrequest.RequestCacheAwareFilter.doFilter(RequestCacheAwareFilter.java:63)\r\n	at org.springframework.security.web.FilterChainProxy$VirtualFilterChain.doFilter(FilterChainProxy.java:334)\r\n	at org.springframework.security.web.authentication.www.BasicAuthenticationFilter.doFilterInternal(BasicAuthenticationFilter.java:155)\r\n	at org.springframework.web.filter.OncePerRequestFilter.doFilter(OncePerRequestFilter.java:119)\r\n	at org.springframework.security.web.FilterChainProxy$VirtualFilterChain.doFilter(FilterChainProxy.java:334)\r\n	at org.springframework.security.web.authentication.AbstractAuthenticationProcessingFilter.doFilter(AbstractAuthenticationProcessingFilter.java:200)\r\n	at org.springframework.security.web.FilterChainProxy$VirtualFilterChain.doFilter(FilterChainProxy.java:334)\r\n	at com.codermy.myspringsecurityplus.security.filter.VerifyCodeFilter.doFilterInternal(VerifyCodeFilter.java:51)\r\n	at org.springframework.web.filter.OncePerRequestFilter.doFilter(OncePerRequestFilter.java:119)\r\n	at org.springframework.security.web.FilterChainProxy$VirtualFilterChain.doFilter(FilterChainProxy.java:334)\r\n	at org.springframework.security.web.authentication.logout.LogoutFilter.doFilter(LogoutFilter.java:116)\r\n	at org.springframework.security.web.FilterChainProxy$VirtualFilterChain.doFilter(FilterChainProxy.java:334)\r\n	at org.springframework.security.web.header.HeaderWriterFilter.doHeadersAfter(HeaderWriterFilter.java:92)\r\n	at org.springframework.security.web.header.HeaderWriterFilter.doFilterInternal(HeaderWriterFilter.java:77)\r\n	at org.springframework.web.filter.OncePerRequestFilter.doFilter(OncePerRequestFilter.java:119)\r\n	at org.springframework.security.web.FilterChainProxy$VirtualFilterChain.doFilter(FilterChainProxy.java:334)\r\n	at org.springframework.security.web.context.SecurityContextPersistenceFilter.doFilter(SecurityContextPersistenceFilter.java:105)\r\n	at org.springframework.security.web.FilterChainProxy$VirtualFilterChain.doFilter(FilterChainProxy.java:334)\r\n	at org.springframework.security.web.context.request.async.WebAsyncManagerIntegrationFilter.doFilterInternal(WebAsyncManagerIntegrationFilter.java:56)\r\n	at org.springframework.web.filter.OncePerRequestFilter.doFilter(OncePerRequestFilter.java:119)\r\n	at org.springframework.security.web.FilterChainProxy$VirtualFilterChain.doFilter(FilterChainProxy.java:334)\r\n	at org.springframework.security.web.FilterChainProxy.doFilterInternal(FilterChainProxy.java:215)\r\n	at org.springframework.security.web.FilterChainProxy.doFilter(FilterChainProxy.java:178)\r\n	at org.springframework.web.filter.DelegatingFilterProxy.invokeDelegate(DelegatingFilterProxy.java:358)\r\n	at org.springframework.web.filter.DelegatingFilterProxy.doFilter(DelegatingFilterProxy.java:271)\r\n	at org.apache.catalina.core.ApplicationFilterChain.internalDoFilter(ApplicationFilterChain.java:193)\r\n	at org.apache.catalina.core.ApplicationFilterChain.doFilter(ApplicationFilterChain.java:166)\r\n	at org.springframework.web.filter.RequestContextFilter.doFilterInternal(RequestContextFilter.java:100)\r\n	at org.springframework.web.filter.OncePerRequestFilter.doFilter(OncePerRequestFilter.java:119)\r\n	at org.apache.catalina.core.ApplicationFilterChain.internalDoFilter(ApplicationFilterChain.java:193)\r\n	at org.apache.catalina.core.ApplicationFilterChain.doFilter(ApplicationFilterChain.java:166)\r\n	at org.springframework.web.filter.FormContentFilter.doFilterInternal(FormContentFilter.java:93)\r\n	at org.springframework.web.filter.OncePerRequestFilter.doFilter(OncePerRequestFilter.java:119)\r\n	at org.apache.catalina.core.ApplicationFilterChain.internalDoFilter(ApplicationFilterChain.java:193)\r\n	at org.apache.catalina.core.ApplicationFilterChain.doFilter(ApplicationFilterChain.java:166)\r\n	at org.springframework.web.filter.CharacterEncodingFilter.doFilterInternal(CharacterEncodingFilter.java:201)\r\n	at org.springframework.web.filter.OncePerRequestFilter.doFilter(OncePerRequestFilter.java:119)\r\n	at org.apache.catalina.core.ApplicationFilterChain.internalDoFilter(ApplicationFilterChain.java:193)\r\n	at org.apache.catalina.core.ApplicationFilterChain.doFilter(ApplicationFilterChain.java:166)\r\n	at org.apache.catalina.core.StandardWrapperValve.invoke(StandardWrapperValve.java:202)\r\n	at org.apache.catalina.core.StandardContextValve.__invoke(StandardContextValve.java:96)\r\n	at org.apache.catalina.core.StandardContextValve.invoke(StandardContextValve.java:41002)\r\n	at org.apache.catalina.authenticator.AuthenticatorBase.invoke(AuthenticatorBase.java:541)\r\n	at org.apache.catalina.core.StandardHostValve.invoke(StandardHostValve.java:139)\r\n	at org.apache.catalina.valves.ErrorReportValve.invoke(ErrorReportValve.java:92)\r\n	at org.apache.catalina.core.StandardEngineValve.invoke(StandardEngineValve.java:74)\r\n	at org.apache.catalina.connector.CoyoteAdapter.service(CoyoteAdapter.java:343)\r\n	at org.apache.coyote.http11.Http11Processor.service(Http11Processor.java:373)\r\n	at org.apache.coyote.AbstractProcessorLight.process(AbstractProcessorLight.java:65)\r\n	at org.apache.coyote.AbstractProtocol$ConnectionHandler.process(AbstractProtocol.java:868)\r\n	at org.apache.tomcat.util.net.NioEndpoint$SocketProcessor.doRun(NioEndpoint.java:1590)\r\n	at org.apache.tomcat.util.net.SocketProcessorBase.run(SocketProcessorBase.java:49)\r\n	at java.util.concurrent.ThreadPoolExecutor.runWorker(ThreadPoolExecutor.java:1149)\r\n	at java.util.concurrent.ThreadPoolExecutor$Worker.run(ThreadPoolExecutor.java:624)\r\n	at org.apache.tomcat.util.threads.TaskThread$WrappingRunnable.run(TaskThread.java:61)\r\n	at java.lang.Thread.run(Thread.java:748)\r\nCaused by: java.sql.SQLIntegrityConstraintViolationException: Column \'dict_id\' cannot be null\r\n	at com.mysql.cj.jdbc.exceptions.SQLError.createSQLException(SQLError.java:117)\r\n	at com.mysql.cj.jdbc.exceptions.SQLError.createSQLException(SQLError.java:97)\r\n	at com.mysql.cj.jdbc.exceptions.SQLExceptionsMapping.translateException(SQLExceptionsMapping.java:122)\r\n	at com.mysql.cj.jdbc.ClientPreparedStatement.executeInternal(ClientPreparedStatement.java:953)\r\n	at com.mysql.cj.jdbc.ClientPreparedStatement.execute(ClientPreparedStatement.java:370)\r\n	at com.alibaba.druid.filter.FilterChainImpl.preparedStatement_execute(FilterChainImpl.java:3461)\r\n	at com.alibaba.druid.filter.FilterEventAdapter.preparedStatement_execute(FilterEventAdapter.java:440)\r\n	at com.alibaba.druid.filter.FilterChainImpl.preparedStatement_execute(FilterChainImpl.java:3459)\r\n	at com.alibaba.druid.proxy.jdbc.PreparedStatementProxyImpl.execute(PreparedStatementProxyImpl.java:167)\r\n	at com.alibaba.druid.pool.DruidPooledPreparedStatement.execute(DruidPooledPreparedStatement.java:497)\r\n	at org.apache.ibatis.executor.statement.PreparedStatementHandler.update(PreparedStatementHandler.java:47)\r\n	at org.apache.ibatis.executor.statement.RoutingStatementHandler.update(RoutingStatementHandler.java:74)\r\n	at org.apache.ibatis.executor.SimpleExecutor.doUpdate(SimpleExecutor.java:50)\r\n	at org.apache.ibatis.executor.BaseExecutor.update(BaseExecutor.java:117)\r\n	at org.apache.ibatis.executor.CachingExecutor.update(CachingExecutor.java:76)\r\n	at sun.reflect.NativeMethodAccessorImpl.invoke0(Native Method)\r\n	at sun.reflect.NativeMethodAccessorImpl.invoke(NativeMethodAccessorImpl.java:62)\r\n	at sun.reflect.DelegatingMethodAccessorImpl.invoke(DelegatingMethodAccessorImpl.java:43)\r\n	at java.lang.reflect.Method.invoke(Method.java:498)\r\n	at org.apache.ibatis.plugin.Plugin.invoke(Plugin.java:63)\r\n	at com.sun.proxy.$Proxy153.update(Unknown Source)\r\n	at org.apache.ibatis.session.defaults.DefaultSqlSession.update(DefaultSqlSession.java:197)\r\n	at org.apache.ibatis.session.defaults.DefaultSqlSession.insert(DefaultSqlSession.java:184)\r\n	at sun.reflect.NativeMethodAccessorImpl.invoke0(Native Method)\r\n	at sun.reflect.NativeMethodAccessorImpl.invoke(NativeMethodAccessorImpl.java:62)\r\n	at sun.reflect.DelegatingMethodAccessorImpl.invoke(DelegatingMethodAccessorImpl.java:43)\r\n	at java.lang.reflect.Method.invoke(Method.java:498)\r\n	at org.mybatis.spring.SqlSessionTemplate$SqlSessionInterceptor.invoke(SqlSessionTemplate.java:426)\r\n	... 134 more\r\n');
INSERT INTO `my_log` VALUES (2732, 'admin', '192.168.31.244', '查询字典列表', '{ pageTableRequest: PageTableRequest(page=1, limit=10, offset=0) myDict: MyDict(dictId=null, dictName=null, description=null, sort=null, createBy=null, updateBy=null) }', 'Chrome 8', 29, 'INFO', 'com.codermy.myspringsecurityplus.admin.controller.DictController.getJobAll()', '2020-11-07 17:56:44', NULL);
INSERT INTO `my_log` VALUES (2733, 'admin', '192.168.31.244', '添加字典', '{ myDict: MyDict(dictId=null, dictName=测试, description=1, sort=1, createBy=null, updateBy=null) }', 'Chrome 8', 4, 'INFO', 'com.codermy.myspringsecurityplus.admin.controller.DictController.saveJob()', '2020-11-07 17:56:54', NULL);
INSERT INTO `my_log` VALUES (2734, 'admin', '192.168.31.244', '添加字典', '{ myDict: MyDict(dictId=null, dictName=测试1, description=1, sort=1, createBy=null, updateBy=null) }', 'Chrome 8', 73, 'ERROR', 'com.codermy.myspringsecurityplus.admin.controller.DictController.saveJob()', '2020-11-07 17:57:10', 'org.springframework.dao.DataIntegrityViolationException: \r\n### Error updating database.  Cause: java.sql.SQLIntegrityConstraintViolationException: Column \'dict_id\' cannot be null\r\n### The error may exist in com/codermy/myspringsecurityplus/admin/dao/DictDao.java (best guess)\r\n### The error may involve com.codermy.myspringsecurityplus.admin.dao.DictDao.insertDict-Inline\r\n### The error occurred while setting parameters\r\n### SQL: INSERT INTO my_dict(dict_id,dict_name,description, sort,create_time, update_time)values(?,?,?,?, now(), now())\r\n### Cause: java.sql.SQLIntegrityConstraintViolationException: Column \'dict_id\' cannot be null\n; Column \'dict_id\' cannot be null; nested exception is java.sql.SQLIntegrityConstraintViolationException: Column \'dict_id\' cannot be null\r\n	at org.springframework.jdbc.support.SQLExceptionSubclassTranslator.doTranslate(SQLExceptionSubclassTranslator.java:87)\r\n	at org.springframework.jdbc.support.AbstractFallbackSQLExceptionTranslator.translate(AbstractFallbackSQLExceptionTranslator.java:72)\r\n	at org.springframework.jdbc.support.AbstractFallbackSQLExceptionTranslator.translate(AbstractFallbackSQLExceptionTranslator.java:81)\r\n	at org.mybatis.spring.MyBatisExceptionTranslator.translateExceptionIfPossible(MyBatisExceptionTranslator.java:88)\r\n	at org.mybatis.spring.SqlSessionTemplate$SqlSessionInterceptor.invoke(SqlSessionTemplate.java:440)\r\n	at com.sun.proxy.$Proxy99.insert(Unknown Source)\r\n	at org.mybatis.spring.SqlSessionTemplate.insert(SqlSessionTemplate.java:271)\r\n	at org.apache.ibatis.binding.MapperMethod.execute(MapperMethod.java:62)\r\n	at org.apache.ibatis.binding.MapperProxy$PlainMethodInvoker.invoke(MapperProxy.java:144)\r\n	at org.apache.ibatis.binding.MapperProxy.invoke(MapperProxy.java:85)\r\n	at com.sun.proxy.$Proxy115.insertDict(Unknown Source)\r\n	at com.codermy.myspringsecurityplus.admin.service.impl.DictServiceImpl.insertDict(DictServiceImpl.java:46)\r\n	at com.codermy.myspringsecurityplus.admin.controller.DictController.saveJob(DictController.java:63)\r\n	at com.codermy.myspringsecurityplus.admin.controller.DictController$$FastClassBySpringCGLIB$$1.invoke(<generated>)\r\n	at org.springframework.cglib.proxy.MethodProxy.invoke(MethodProxy.java:218)\r\n	at org.springframework.aop.framework.CglibAopProxy$CglibMethodInvocation.invokeJoinpoint(CglibAopProxy.java:771)\r\n	at org.springframework.aop.framework.ReflectiveMethodInvocation.proceed(ReflectiveMethodInvocation.java:163)\r\n	at org.springframework.aop.framework.CglibAopProxy$CglibMethodInvocation.proceed(CglibAopProxy.java:749)\r\n	at org.springframework.aop.aspectj.AspectJAfterThrowingAdvice.invoke(AspectJAfterThrowingAdvice.java:62)\r\n	at org.springframework.aop.framework.ReflectiveMethodInvocation.proceed(ReflectiveMethodInvocation.java:175)\r\n	at org.springframework.aop.framework.CglibAopProxy$CglibMethodInvocation.proceed(CglibAopProxy.java:749)\r\n	at org.springframework.aop.aspectj.MethodInvocationProceedingJoinPoint.proceed(MethodInvocationProceedingJoinPoint.java:88)\r\n	at com.codermy.myspringsecurityplus.log.aspect.LogAspect.saveSysLog(LogAspect.java:46)\r\n	at sun.reflect.NativeMethodAccessorImpl.invoke0(Native Method)\r\n	at sun.reflect.NativeMethodAccessorImpl.invoke(NativeMethodAccessorImpl.java:62)\r\n	at sun.reflect.DelegatingMethodAccessorImpl.invoke(DelegatingMethodAccessorImpl.java:43)\r\n	at java.lang.reflect.Method.invoke(Method.java:498)\r\n	at org.springframework.aop.aspectj.AbstractAspectJAdvice.invokeAdviceMethodWithGivenArgs(AbstractAspectJAdvice.java:644)\r\n	at org.springframework.aop.aspectj.AbstractAspectJAdvice.invokeAdviceMethod(AbstractAspectJAdvice.java:633)\r\n	at org.springframework.aop.aspectj.AspectJAroundAdvice.invoke(AspectJAroundAdvice.java:70)\r\n	at org.springframework.aop.framework.ReflectiveMethodInvocation.proceed(ReflectiveMethodInvocation.java:175)\r\n	at org.springframework.aop.framework.CglibAopProxy$CglibMethodInvocation.proceed(CglibAopProxy.java:749)\r\n	at org.springframework.security.access.intercept.aopalliance.MethodSecurityInterceptor.invoke(MethodSecurityInterceptor.java:69)\r\n	at org.springframework.aop.framework.ReflectiveMethodInvocation.proceed(ReflectiveMethodInvocation.java:186)\r\n	at org.springframework.aop.framework.CglibAopProxy$CglibMethodInvocation.proceed(CglibAopProxy.java:749)\r\n	at org.springframework.aop.interceptor.ExposeInvocationInterceptor.invoke(ExposeInvocationInterceptor.java:95)\r\n	at org.springframework.aop.framework.ReflectiveMethodInvocation.proceed(ReflectiveMethodInvocation.java:186)\r\n	at org.springframework.aop.framework.CglibAopProxy$CglibMethodInvocation.proceed(CglibAopProxy.java:749)\r\n	at org.springframework.aop.framework.CglibAopProxy$DynamicAdvisedInterceptor.intercept(CglibAopProxy.java:691)\r\n	at com.codermy.myspringsecurityplus.admin.controller.DictController$$EnhancerBySpringCGLIB$$1.saveJob(<generated>)\r\n	at sun.reflect.NativeMethodAccessorImpl.invoke0(Native Method)\r\n	at sun.reflect.NativeMethodAccessorImpl.invoke(NativeMethodAccessorImpl.java:62)\r\n	at sun.reflect.DelegatingMethodAccessorImpl.invoke(DelegatingMethodAccessorImpl.java:43)\r\n	at java.lang.reflect.Method.invoke(Method.java:498)\r\n	at org.springframework.web.method.support.InvocableHandlerMethod.doInvoke(InvocableHandlerMethod.java:190)\r\n	at org.springframework.web.method.support.InvocableHandlerMethod.invokeForRequest(InvocableHandlerMethod.java:138)\r\n	at org.springframework.web.servlet.mvc.method.annotation.ServletInvocableHandlerMethod.invokeAndHandle(ServletInvocableHandlerMethod.java:105)\r\n	at org.springframework.web.servlet.mvc.method.annotation.RequestMappingHandlerAdapter.invokeHandlerMethod(RequestMappingHandlerAdapter.java:879)\r\n	at org.springframework.web.servlet.mvc.method.annotation.RequestMappingHandlerAdapter.handleInternal(RequestMappingHandlerAdapter.java:793)\r\n	at org.springframework.web.servlet.mvc.method.AbstractHandlerMethodAdapter.handle(AbstractHandlerMethodAdapter.java:87)\r\n	at org.springframework.web.servlet.DispatcherServlet.doDispatch(DispatcherServlet.java:1040)\r\n	at org.springframework.web.servlet.DispatcherServlet.doService(DispatcherServlet.java:943)\r\n	at org.springframework.web.servlet.FrameworkServlet.processRequest(FrameworkServlet.java:1006)\r\n	at org.springframework.web.servlet.FrameworkServlet.doPost(FrameworkServlet.java:909)\r\n	at javax.servlet.http.HttpServlet.service(HttpServlet.java:660)\r\n	at org.springframework.web.servlet.FrameworkServlet.service(FrameworkServlet.java:883)\r\n	at javax.servlet.http.HttpServlet.service(HttpServlet.java:741)\r\n	at org.apache.catalina.core.ApplicationFilterChain.internalDoFilter(ApplicationFilterChain.java:231)\r\n	at org.apache.catalina.core.ApplicationFilterChain.doFilter(ApplicationFilterChain.java:166)\r\n	at org.apache.tomcat.websocket.server.WsFilter.doFilter(WsFilter.java:53)\r\n	at org.apache.catalina.core.ApplicationFilterChain.internalDoFilter(ApplicationFilterChain.java:193)\r\n	at org.apache.catalina.core.ApplicationFilterChain.doFilter(ApplicationFilterChain.java:166)\r\n	at org.springframework.web.filter.OncePerRequestFilter.doFilter(OncePerRequestFilter.java:113)\r\n	at org.apache.catalina.core.ApplicationFilterChain.internalDoFilter(ApplicationFilterChain.java:193)\r\n	at org.apache.catalina.core.ApplicationFilterChain.doFilter(ApplicationFilterChain.java:166)\r\n	at com.codermy.myspringsecurityplus.security.filter.JwtAuthenticationTokenFilter.doFilterInternal(JwtAuthenticationTokenFilter.java:60)\r\n	at org.springframework.web.filter.OncePerRequestFilter.doFilter(OncePerRequestFilter.java:119)\r\n	at org.apache.catalina.core.ApplicationFilterChain.internalDoFilter(ApplicationFilterChain.java:193)\r\n	at org.apache.catalina.core.ApplicationFilterChain.doFilter(ApplicationFilterChain.java:166)\r\n	at org.springframework.security.web.FilterChainProxy$VirtualFilterChain.doFilter(FilterChainProxy.java:320)\r\n	at org.springframework.security.web.access.intercept.FilterSecurityInterceptor.invoke(FilterSecurityInterceptor.java:126)\r\n	at org.springframework.security.web.access.intercept.FilterSecurityInterceptor.doFilter(FilterSecurityInterceptor.java:90)\r\n	at org.springframework.security.web.FilterChainProxy$VirtualFilterChain.doFilter(FilterChainProxy.java:334)\r\n	at org.springframework.security.web.access.ExceptionTranslationFilter.doFilter(ExceptionTranslationFilter.java:118)\r\n	at org.springframework.security.web.FilterChainProxy$VirtualFilterChain.doFilter(FilterChainProxy.java:334)\r\n	at org.springframework.security.web.session.SessionManagementFilter.doFilter(SessionManagementFilter.java:137)\r\n	at org.springframework.security.web.FilterChainProxy$VirtualFilterChain.doFilter(FilterChainProxy.java:334)\r\n	at org.springframework.security.web.authentication.AnonymousAuthenticationFilter.doFilter(AnonymousAuthenticationFilter.java:111)\r\n	at org.springframework.security.web.FilterChainProxy$VirtualFilterChain.doFilter(FilterChainProxy.java:334)\r\n	at org.springframework.security.web.authentication.rememberme.RememberMeAuthenticationFilter.doFilter(RememberMeAuthenticationFilter.java:158)\r\n	at org.springframework.security.web.FilterChainProxy$VirtualFilterChain.doFilter(FilterChainProxy.java:334)\r\n	at org.springframework.security.web.servletapi.SecurityContextHolderAwareRequestFilter.doFilter(SecurityContextHolderAwareRequestFilter.java:158)\r\n	at org.springframework.security.web.FilterChainProxy$VirtualFilterChain.doFilter(FilterChainProxy.java:334)\r\n	at org.springframework.security.web.savedrequest.RequestCacheAwareFilter.doFilter(RequestCacheAwareFilter.java:63)\r\n	at org.springframework.security.web.FilterChainProxy$VirtualFilterChain.doFilter(FilterChainProxy.java:334)\r\n	at org.springframework.security.web.authentication.www.BasicAuthenticationFilter.doFilterInternal(BasicAuthenticationFilter.java:155)\r\n	at org.springframework.web.filter.OncePerRequestFilter.doFilter(OncePerRequestFilter.java:119)\r\n	at org.springframework.security.web.FilterChainProxy$VirtualFilterChain.doFilter(FilterChainProxy.java:334)\r\n	at org.springframework.security.web.authentication.AbstractAuthenticationProcessingFilter.doFilter(AbstractAuthenticationProcessingFilter.java:200)\r\n	at org.springframework.security.web.FilterChainProxy$VirtualFilterChain.doFilter(FilterChainProxy.java:334)\r\n	at com.codermy.myspringsecurityplus.security.filter.VerifyCodeFilter.doFilterInternal(VerifyCodeFilter.java:51)\r\n	at org.springframework.web.filter.OncePerRequestFilter.doFilter(OncePerRequestFilter.java:119)\r\n	at org.springframework.security.web.FilterChainProxy$VirtualFilterChain.doFilter(FilterChainProxy.java:334)\r\n	at org.springframework.security.web.authentication.logout.LogoutFilter.doFilter(LogoutFilter.java:116)\r\n	at org.springframework.security.web.FilterChainProxy$VirtualFilterChain.doFilter(FilterChainProxy.java:334)\r\n	at org.springframework.security.web.header.HeaderWriterFilter.doHeadersAfter(HeaderWriterFilter.java:92)\r\n	at org.springframework.security.web.header.HeaderWriterFilter.doFilterInternal(HeaderWriterFilter.java:77)\r\n	at org.springframework.web.filter.OncePerRequestFilter.doFilter(OncePerRequestFilter.java:119)\r\n	at org.springframework.security.web.FilterChainProxy$VirtualFilterChain.doFilter(FilterChainProxy.java:334)\r\n	at org.springframework.security.web.context.SecurityContextPersistenceFilter.doFilter(SecurityContextPersistenceFilter.java:105)\r\n	at org.springframework.security.web.FilterChainProxy$VirtualFilterChain.doFilter(FilterChainProxy.java:334)\r\n	at org.springframework.security.web.context.request.async.WebAsyncManagerIntegrationFilter.doFilterInternal(WebAsyncManagerIntegrationFilter.java:56)\r\n	at org.springframework.web.filter.OncePerRequestFilter.doFilter(OncePerRequestFilter.java:119)\r\n	at org.springframework.security.web.FilterChainProxy$VirtualFilterChain.doFilter(FilterChainProxy.java:334)\r\n	at org.springframework.security.web.FilterChainProxy.doFilterInternal(FilterChainProxy.java:215)\r\n	at org.springframework.security.web.FilterChainProxy.doFilter(FilterChainProxy.java:178)\r\n	at org.springframework.web.filter.DelegatingFilterProxy.invokeDelegate(DelegatingFilterProxy.java:358)\r\n	at org.springframework.web.filter.DelegatingFilterProxy.doFilter(DelegatingFilterProxy.java:271)\r\n	at org.apache.catalina.core.ApplicationFilterChain.internalDoFilter(ApplicationFilterChain.java:193)\r\n	at org.apache.catalina.core.ApplicationFilterChain.doFilter(ApplicationFilterChain.java:166)\r\n	at org.springframework.web.filter.RequestContextFilter.doFilterInternal(RequestContextFilter.java:100)\r\n	at org.springframework.web.filter.OncePerRequestFilter.doFilter(OncePerRequestFilter.java:119)\r\n	at org.apache.catalina.core.ApplicationFilterChain.internalDoFilter(ApplicationFilterChain.java:193)\r\n	at org.apache.catalina.core.ApplicationFilterChain.doFilter(ApplicationFilterChain.java:166)\r\n	at org.springframework.web.filter.FormContentFilter.doFilterInternal(FormContentFilter.java:93)\r\n	at org.springframework.web.filter.OncePerRequestFilter.doFilter(OncePerRequestFilter.java:119)\r\n	at org.apache.catalina.core.ApplicationFilterChain.internalDoFilter(ApplicationFilterChain.java:193)\r\n	at org.apache.catalina.core.ApplicationFilterChain.doFilter(ApplicationFilterChain.java:166)\r\n	at org.springframework.web.filter.CharacterEncodingFilter.doFilterInternal(CharacterEncodingFilter.java:201)\r\n	at org.springframework.web.filter.OncePerRequestFilter.doFilter(OncePerRequestFilter.java:119)\r\n	at org.apache.catalina.core.ApplicationFilterChain.internalDoFilter(ApplicationFilterChain.java:193)\r\n	at org.apache.catalina.core.ApplicationFilterChain.doFilter(ApplicationFilterChain.java:166)\r\n	at org.apache.catalina.core.StandardWrapperValve.invoke(StandardWrapperValve.java:202)\r\n	at org.apache.catalina.core.StandardContextValve.__invoke(StandardContextValve.java:96)\r\n	at org.apache.catalina.core.StandardContextValve.invoke(StandardContextValve.java:41002)\r\n	at org.apache.catalina.authenticator.AuthenticatorBase.invoke(AuthenticatorBase.java:541)\r\n	at org.apache.catalina.core.StandardHostValve.invoke(StandardHostValve.java:139)\r\n	at org.apache.catalina.valves.ErrorReportValve.invoke(ErrorReportValve.java:92)\r\n	at org.apache.catalina.core.StandardEngineValve.invoke(StandardEngineValve.java:74)\r\n	at org.apache.catalina.connector.CoyoteAdapter.service(CoyoteAdapter.java:343)\r\n	at org.apache.coyote.http11.Http11Processor.service(Http11Processor.java:373)\r\n	at org.apache.coyote.AbstractProcessorLight.process(AbstractProcessorLight.java:65)\r\n	at org.apache.coyote.AbstractProtocol$ConnectionHandler.process(AbstractProtocol.java:868)\r\n	at org.apache.tomcat.util.net.NioEndpoint$SocketProcessor.doRun(NioEndpoint.java:1590)\r\n	at org.apache.tomcat.util.net.SocketProcessorBase.run(SocketProcessorBase.java:49)\r\n	at java.util.concurrent.ThreadPoolExecutor.runWorker(ThreadPoolExecutor.java:1149)\r\n	at java.util.concurrent.ThreadPoolExecutor$Worker.run(ThreadPoolExecutor.java:624)\r\n	at org.apache.tomcat.util.threads.TaskThread$WrappingRunnable.run(TaskThread.java:61)\r\n	at java.lang.Thread.run(Thread.java:748)\r\nCaused by: java.sql.SQLIntegrityConstraintViolationException: Column \'dict_id\' cannot be null\r\n	at com.mysql.cj.jdbc.exceptions.SQLError.createSQLException(SQLError.java:117)\r\n	at com.mysql.cj.jdbc.exceptions.SQLError.createSQLException(SQLError.java:97)\r\n	at com.mysql.cj.jdbc.exceptions.SQLExceptionsMapping.translateException(SQLExceptionsMapping.java:122)\r\n	at com.mysql.cj.jdbc.ClientPreparedStatement.executeInternal(ClientPreparedStatement.java:953)\r\n	at com.mysql.cj.jdbc.ClientPreparedStatement.execute(ClientPreparedStatement.java:370)\r\n	at com.alibaba.druid.filter.FilterChainImpl.preparedStatement_execute(FilterChainImpl.java:3461)\r\n	at com.alibaba.druid.filter.FilterEventAdapter.preparedStatement_execute(FilterEventAdapter.java:440)\r\n	at com.alibaba.druid.filter.FilterChainImpl.preparedStatement_execute(FilterChainImpl.java:3459)\r\n	at com.alibaba.druid.proxy.jdbc.PreparedStatementProxyImpl.execute(PreparedStatementProxyImpl.java:167)\r\n	at com.alibaba.druid.pool.DruidPooledPreparedStatement.execute(DruidPooledPreparedStatement.java:497)\r\n	at org.apache.ibatis.executor.statement.PreparedStatementHandler.update(PreparedStatementHandler.java:47)\r\n	at org.apache.ibatis.executor.statement.RoutingStatementHandler.update(RoutingStatementHandler.java:74)\r\n	at org.apache.ibatis.executor.SimpleExecutor.doUpdate(SimpleExecutor.java:50)\r\n	at org.apache.ibatis.executor.BaseExecutor.update(BaseExecutor.java:117)\r\n	at org.apache.ibatis.executor.CachingExecutor.update(CachingExecutor.java:76)\r\n	at sun.reflect.NativeMethodAccessorImpl.invoke0(Native Method)\r\n	at sun.reflect.NativeMethodAccessorImpl.invoke(NativeMethodAccessorImpl.java:62)\r\n	at sun.reflect.DelegatingMethodAccessorImpl.invoke(DelegatingMethodAccessorImpl.java:43)\r\n	at java.lang.reflect.Method.invoke(Method.java:498)\r\n	at org.apache.ibatis.plugin.Plugin.invoke(Plugin.java:63)\r\n	at com.sun.proxy.$Proxy153.update(Unknown Source)\r\n	at org.apache.ibatis.session.defaults.DefaultSqlSession.update(DefaultSqlSession.java:197)\r\n	at org.apache.ibatis.session.defaults.DefaultSqlSession.insert(DefaultSqlSession.java:184)\r\n	at sun.reflect.NativeMethodAccessorImpl.invoke0(Native Method)\r\n	at sun.reflect.NativeMethodAccessorImpl.invoke(NativeMethodAccessorImpl.java:62)\r\n	at sun.reflect.DelegatingMethodAccessorImpl.invoke(DelegatingMethodAccessorImpl.java:43)\r\n	at java.lang.reflect.Method.invoke(Method.java:498)\r\n	at org.mybatis.spring.SqlSessionTemplate$SqlSessionInterceptor.invoke(SqlSessionTemplate.java:426)\r\n	... 134 more\r\n');
INSERT INTO `my_log` VALUES (2735, 'admin', '192.168.31.244', '添加字典', '{ myDict: MyDict(dictId=null, dictName=测试1, description=1, sort=1, createBy=null, updateBy=null) }', 'Chrome 8', 5, 'INFO', 'com.codermy.myspringsecurityplus.admin.controller.DictController.saveJob()', '2020-11-07 17:57:29', NULL);
INSERT INTO `my_log` VALUES (2736, 'admin', '192.168.31.244', '查询字典列表', '{ pageTableRequest: PageTableRequest(page=1, limit=10, offset=0) myDict: MyDict(dictId=null, dictName=null, description=null, sort=null, createBy=null, updateBy=null) }', 'Chrome 8', 7, 'INFO', 'com.codermy.myspringsecurityplus.admin.controller.DictController.getJobAll()', '2020-11-07 17:57:33', NULL);
INSERT INTO `my_log` VALUES (2737, 'admin', '192.168.31.244', '查询字典列表', '{ pageTableRequest: PageTableRequest(page=1, limit=10, offset=0) myDict: MyDict(dictId=null, dictName=null, description=null, sort=null, createBy=null, updateBy=null) }', 'Chrome 8', 29, 'INFO', 'com.codermy.myspringsecurityplus.admin.controller.DictController.getDictAll()', '2020-11-07 18:44:01', NULL);
INSERT INTO `my_log` VALUES (2738, 'admin', '192.168.31.244', '查询字典列表', '{ pageTableRequest: PageTableRequest(page=1, limit=10, offset=0) myDict: MyDict(dictId=null, dictName=null, description=null, sort=null, createBy=null, updateBy=null) }', 'Chrome 8', 30, 'INFO', 'com.codermy.myspringsecurityplus.admin.controller.DictController.getDictAll()', '2020-11-07 18:44:59', NULL);
INSERT INTO `my_log` VALUES (2739, 'admin', '192.168.31.244', '查询字典列表', '{ pageTableRequest: PageTableRequest(page=1, limit=10, offset=0) myDict: MyDict(dictId=null, dictName=null, description=null, sort=null, createBy=null, updateBy=null) }', 'Chrome 8', 29, 'INFO', 'com.codermy.myspringsecurityplus.admin.controller.DictController.getDictAll()', '2020-11-07 18:46:27', NULL);
INSERT INTO `my_log` VALUES (2740, 'admin', '192.168.31.244', '查询字典列表', '{ pageTableRequest: PageTableRequest(page=1, limit=10, offset=0) myDict: MyDict(dictId=null, dictName=null, description=null, sort=null, createBy=null, updateBy=null) }', 'Chrome 8', 159, 'INFO', 'com.codermy.myspringsecurityplus.admin.controller.DictController.getDictAll()', '2020-11-07 18:47:37', NULL);
INSERT INTO `my_log` VALUES (2741, 'admin', '192.168.31.244', '查询字典列表', '{ pageTableRequest: PageTableRequest(page=1, limit=10, offset=0) myDict: MyDict(dictId=null, dictName=null, description=null, sort=null, createBy=null, updateBy=null) }', 'Chrome 8', 30, 'INFO', 'com.codermy.myspringsecurityplus.admin.controller.DictController.getDictAll()', '2020-11-07 18:50:16', NULL);
INSERT INTO `my_log` VALUES (2742, 'admin', '192.168.31.244', '添加字典', '{ myDict: MyDict(dictId=null, dictName=测试1, description=2, sort=1, createBy=null, updateBy=null) }', 'Chrome 8', 5, 'INFO', 'com.codermy.myspringsecurityplus.admin.controller.DictController.saveDict()', '2020-11-07 18:50:22', NULL);
INSERT INTO `my_log` VALUES (2743, 'admin', '192.168.31.244', '添加字典', '{ myDict: MyDict(dictId=null, dictName=测试2, description=1, sort=1, createBy=null, updateBy=null) }', 'Chrome 8', 5, 'INFO', 'com.codermy.myspringsecurityplus.admin.controller.DictController.saveDict()', '2020-11-07 18:50:52', NULL);
INSERT INTO `my_log` VALUES (2744, 'admin', '192.168.31.244', '查询字典列表', '{ pageTableRequest: PageTableRequest(page=1, limit=10, offset=0) myDict: MyDict(dictId=null, dictName=null, description=null, sort=null, createBy=null, updateBy=null) }', 'Chrome 8', 8, 'INFO', 'com.codermy.myspringsecurityplus.admin.controller.DictController.getDictAll()', '2020-11-07 18:50:54', NULL);
INSERT INTO `my_log` VALUES (2745, 'admin', '192.168.31.244', '查询字典列表', '{ pageTableRequest: PageTableRequest(page=1, limit=10, offset=0) myDict: MyDict(dictId=null, dictName=null, description=null, sort=null, createBy=null, updateBy=null) }', 'Chrome 8', 28, 'INFO', 'com.codermy.myspringsecurityplus.admin.controller.DictController.getDictAll()', '2020-11-07 18:51:53', NULL);
INSERT INTO `my_log` VALUES (2746, 'admin', '192.168.31.244', '查询角色', '{ request: PageTableRequest(page=1, limit=10, offset=0) myRole: MyRole(roleId=null, roleName=null, dataScope=null, description=null) }', 'Chrome 8', 18, 'INFO', 'com.codermy.myspringsecurityplus.admin.controller.RoleController.roleList()', '2020-11-07 18:52:09', NULL);
INSERT INTO `my_log` VALUES (2747, 'admin', '192.168.31.244', '通过id绘制菜单树', '{ roleId: 1 }', 'Chrome 8', 17, 'INFO', 'com.codermy.myspringsecurityplus.admin.controller.MenuController.buildMenuAllByRoleId()', '2020-11-07 18:52:12', NULL);
INSERT INTO `my_log` VALUES (2748, 'admin', '192.168.31.244', '查询字典列表', '{ pageTableRequest: PageTableRequest(page=1, limit=10, offset=0) myDict: MyDict(dictId=null, dictName=null, description=null, sort=null, createBy=null, updateBy=null) }', 'Chrome 8', 29, 'INFO', 'com.codermy.myspringsecurityplus.admin.controller.DictController.getDictAll()', '2020-11-07 18:58:44', NULL);
INSERT INTO `my_log` VALUES (2749, 'admin', '192.168.31.244', '查询岗位', '{ pageTableRequest: PageTableRequest(page=1, limit=10, offset=0) jobQueryDto: JobQueryDto(queryName=null, queryStatus=null) }', 'Chrome 8', 7, 'INFO', 'com.codermy.myspringsecurityplus.admin.controller.JobController.getJobAll()', '2020-11-07 18:59:40', NULL);
INSERT INTO `my_log` VALUES (2750, 'admin', '192.168.31.244', '查询字典列表', '{ pageTableRequest: PageTableRequest(page=1, limit=10, offset=0) myDict: MyDict(dictId=null, dictName=null, description=null, sort=null, createBy=null, updateBy=null) }', 'Chrome 8', 162, 'INFO', 'com.codermy.myspringsecurityplus.admin.controller.DictController.getDictAll()', '2020-11-07 19:05:32', NULL);
INSERT INTO `my_log` VALUES (2751, 'admin', '192.168.31.244', '查询字典列表', '{ pageTableRequest: PageTableRequest(page=1, limit=10, offset=0) myDict: MyDict(dictId=null, dictName=null, description=null, sort=null, createBy=null, updateBy=null) }', 'Chrome 8', 6, 'INFO', 'com.codermy.myspringsecurityplus.admin.controller.DictController.getDictAll()', '2020-11-07 19:05:40', NULL);
INSERT INTO `my_log` VALUES (2752, 'admin', '192.168.31.244', '查询字典列表', '{ pageTableRequest: PageTableRequest(page=1, limit=10, offset=0) myDict: MyDict(dictId=null, dictName=null, description=null, sort=null, createBy=null, updateBy=null) }', 'Chrome 8', 5, 'INFO', 'com.codermy.myspringsecurityplus.admin.controller.DictController.getDictAll()', '2020-11-07 19:05:43', NULL);
INSERT INTO `my_log` VALUES (2753, 'admin', '192.168.31.244', '查询字典列表', '{ pageTableRequest: PageTableRequest(page=1, limit=10, offset=0) myDict: MyDict(dictId=null, dictName=null, description=null, sort=null, createBy=null, updateBy=null) }', 'Chrome 8', 32, 'INFO', 'com.codermy.myspringsecurityplus.admin.controller.DictController.getDictAll()', '2020-11-07 19:46:50', NULL);
INSERT INTO `my_log` VALUES (2754, 'admin', '192.168.31.244', '查询字典列表', '{ pageTableRequest: PageTableRequest(page=1, limit=10, offset=0) myDict: MyDict(dictId=null, dictName=null, description=null, sort=null, createBy=null, updateBy=null) }', 'Chrome 8', 29, 'INFO', 'com.codermy.myspringsecurityplus.admin.controller.DictController.getDictAll()', '2020-11-07 19:57:43', NULL);
INSERT INTO `my_log` VALUES (2755, 'admin', '192.168.31.244', '添加字典详情', '{ myDictDetail: MyDictDetail(Id=null, dictId=1, label=中性别, value=0, sort=3, createBy=null, updateBy=null) }', 'Chrome 8', 61, 'ERROR', 'com.codermy.myspringsecurityplus.admin.controller.DictDetailController.saveDictDetail()', '2020-11-07 19:58:25', 'org.springframework.dao.DataIntegrityViolationException: \r\n### Error updating database.  Cause: java.sql.SQLException: Field \'id\' doesn\'t have a default value\r\n### The error may exist in com/codermy/myspringsecurityplus/admin/dao/DictDetailDao.java (best guess)\r\n### The error may involve com.codermy.myspringsecurityplus.admin.dao.DictDetailDao.insertDictDetail-Inline\r\n### The error occurred while setting parameters\r\n### SQL: INSERT INTO my_dict_detail(dict_id,label,value, sort,create_time, update_time)values(?,?,?,?, now(), now())\r\n### Cause: java.sql.SQLException: Field \'id\' doesn\'t have a default value\n; Field \'id\' doesn\'t have a default value; nested exception is java.sql.SQLException: Field \'id\' doesn\'t have a default value\r\n	at org.springframework.jdbc.support.SQLErrorCodeSQLExceptionTranslator.doTranslate(SQLErrorCodeSQLExceptionTranslator.java:247)\r\n	at org.springframework.jdbc.support.AbstractFallbackSQLExceptionTranslator.translate(AbstractFallbackSQLExceptionTranslator.java:72)\r\n	at org.mybatis.spring.MyBatisExceptionTranslator.translateExceptionIfPossible(MyBatisExceptionTranslator.java:88)\r\n	at org.mybatis.spring.SqlSessionTemplate$SqlSessionInterceptor.invoke(SqlSessionTemplate.java:440)\r\n	at com.sun.proxy.$Proxy99.insert(Unknown Source)\r\n	at org.mybatis.spring.SqlSessionTemplate.insert(SqlSessionTemplate.java:271)\r\n	at org.apache.ibatis.binding.MapperMethod.execute(MapperMethod.java:62)\r\n	at org.apache.ibatis.binding.MapperProxy$PlainMethodInvoker.invoke(MapperProxy.java:144)\r\n	at org.apache.ibatis.binding.MapperProxy.invoke(MapperProxy.java:85)\r\n	at com.sun.proxy.$Proxy116.insertDictDetail(Unknown Source)\r\n	at com.codermy.myspringsecurityplus.admin.service.impl.DictDetailServiceImpl.insertDictDetail(DictDetailServiceImpl.java:42)\r\n	at com.codermy.myspringsecurityplus.admin.controller.DictDetailController.saveDictDetail(DictDetailController.java:52)\r\n	at com.codermy.myspringsecurityplus.admin.controller.DictDetailController$$FastClassBySpringCGLIB$$1.invoke(<generated>)\r\n	at org.springframework.cglib.proxy.MethodProxy.invoke(MethodProxy.java:218)\r\n	at org.springframework.aop.framework.CglibAopProxy$CglibMethodInvocation.invokeJoinpoint(CglibAopProxy.java:771)\r\n	at org.springframework.aop.framework.ReflectiveMethodInvocation.proceed(ReflectiveMethodInvocation.java:163)\r\n	at org.springframework.aop.framework.CglibAopProxy$CglibMethodInvocation.proceed(CglibAopProxy.java:749)\r\n	at org.springframework.aop.aspectj.AspectJAfterThrowingAdvice.invoke(AspectJAfterThrowingAdvice.java:62)\r\n	at org.springframework.aop.framework.ReflectiveMethodInvocation.proceed(ReflectiveMethodInvocation.java:175)\r\n	at org.springframework.aop.framework.CglibAopProxy$CglibMethodInvocation.proceed(CglibAopProxy.java:749)\r\n	at org.springframework.aop.aspectj.MethodInvocationProceedingJoinPoint.proceed(MethodInvocationProceedingJoinPoint.java:88)\r\n	at com.codermy.myspringsecurityplus.log.aspect.LogAspect.saveSysLog(LogAspect.java:46)\r\n	at sun.reflect.NativeMethodAccessorImpl.invoke0(Native Method)\r\n	at sun.reflect.NativeMethodAccessorImpl.invoke(NativeMethodAccessorImpl.java:62)\r\n	at sun.reflect.DelegatingMethodAccessorImpl.invoke(DelegatingMethodAccessorImpl.java:43)\r\n	at java.lang.reflect.Method.invoke(Method.java:498)\r\n	at org.springframework.aop.aspectj.AbstractAspectJAdvice.invokeAdviceMethodWithGivenArgs(AbstractAspectJAdvice.java:644)\r\n	at org.springframework.aop.aspectj.AbstractAspectJAdvice.invokeAdviceMethod(AbstractAspectJAdvice.java:633)\r\n	at org.springframework.aop.aspectj.AspectJAroundAdvice.invoke(AspectJAroundAdvice.java:70)\r\n	at org.springframework.aop.framework.ReflectiveMethodInvocation.proceed(ReflectiveMethodInvocation.java:175)\r\n	at org.springframework.aop.framework.CglibAopProxy$CglibMethodInvocation.proceed(CglibAopProxy.java:749)\r\n	at org.springframework.security.access.intercept.aopalliance.MethodSecurityInterceptor.invoke(MethodSecurityInterceptor.java:69)\r\n	at org.springframework.aop.framework.ReflectiveMethodInvocation.proceed(ReflectiveMethodInvocation.java:186)\r\n	at org.springframework.aop.framework.CglibAopProxy$CglibMethodInvocation.proceed(CglibAopProxy.java:749)\r\n	at org.springframework.aop.interceptor.ExposeInvocationInterceptor.invoke(ExposeInvocationInterceptor.java:95)\r\n	at org.springframework.aop.framework.ReflectiveMethodInvocation.proceed(ReflectiveMethodInvocation.java:186)\r\n	at org.springframework.aop.framework.CglibAopProxy$CglibMethodInvocation.proceed(CglibAopProxy.java:749)\r\n	at org.springframework.aop.framework.CglibAopProxy$DynamicAdvisedInterceptor.intercept(CglibAopProxy.java:691)\r\n	at com.codermy.myspringsecurityplus.admin.controller.DictDetailController$$EnhancerBySpringCGLIB$$1.saveDictDetail(<generated>)\r\n	at sun.reflect.NativeMethodAccessorImpl.invoke0(Native Method)\r\n	at sun.reflect.NativeMethodAccessorImpl.invoke(NativeMethodAccessorImpl.java:62)\r\n	at sun.reflect.DelegatingMethodAccessorImpl.invoke(DelegatingMethodAccessorImpl.java:43)\r\n	at java.lang.reflect.Method.invoke(Method.java:498)\r\n	at org.springframework.web.method.support.InvocableHandlerMethod.doInvoke(InvocableHandlerMethod.java:190)\r\n	at org.springframework.web.method.support.InvocableHandlerMethod.invokeForRequest(InvocableHandlerMethod.java:138)\r\n	at org.springframework.web.servlet.mvc.method.annotation.ServletInvocableHandlerMethod.invokeAndHandle(ServletInvocableHandlerMethod.java:105)\r\n	at org.springframework.web.servlet.mvc.method.annotation.RequestMappingHandlerAdapter.invokeHandlerMethod(RequestMappingHandlerAdapter.java:879)\r\n	at org.springframework.web.servlet.mvc.method.annotation.RequestMappingHandlerAdapter.handleInternal(RequestMappingHandlerAdapter.java:793)\r\n	at org.springframework.web.servlet.mvc.method.AbstractHandlerMethodAdapter.handle(AbstractHandlerMethodAdapter.java:87)\r\n	at org.springframework.web.servlet.DispatcherServlet.doDispatch(DispatcherServlet.java:1040)\r\n	at org.springframework.web.servlet.DispatcherServlet.doService(DispatcherServlet.java:943)\r\n	at org.springframework.web.servlet.FrameworkServlet.processRequest(FrameworkServlet.java:1006)\r\n	at org.springframework.web.servlet.FrameworkServlet.doPost(FrameworkServlet.java:909)\r\n	at javax.servlet.http.HttpServlet.service(HttpServlet.java:660)\r\n	at org.springframework.web.servlet.FrameworkServlet.service(FrameworkServlet.java:883)\r\n	at javax.servlet.http.HttpServlet.service(HttpServlet.java:741)\r\n	at org.apache.catalina.core.ApplicationFilterChain.internalDoFilter(ApplicationFilterChain.java:231)\r\n	at org.apache.catalina.core.ApplicationFilterChain.doFilter(ApplicationFilterChain.java:166)\r\n	at org.apache.tomcat.websocket.server.WsFilter.doFilter(WsFilter.java:53)\r\n	at org.apache.catalina.core.ApplicationFilterChain.internalDoFilter(ApplicationFilterChain.java:193)\r\n	at org.apache.catalina.core.ApplicationFilterChain.doFilter(ApplicationFilterChain.java:166)\r\n	at org.springframework.web.filter.OncePerRequestFilter.doFilter(OncePerRequestFilter.java:113)\r\n	at org.apache.catalina.core.ApplicationFilterChain.internalDoFilter(ApplicationFilterChain.java:193)\r\n	at org.apache.catalina.core.ApplicationFilterChain.doFilter(ApplicationFilterChain.java:166)\r\n	at com.codermy.myspringsecurityplus.security.filter.JwtAuthenticationTokenFilter.doFilterInternal(JwtAuthenticationTokenFilter.java:60)\r\n	at org.springframework.web.filter.OncePerRequestFilter.doFilter(OncePerRequestFilter.java:119)\r\n	at org.apache.catalina.core.ApplicationFilterChain.internalDoFilter(ApplicationFilterChain.java:193)\r\n	at org.apache.catalina.core.ApplicationFilterChain.doFilter(ApplicationFilterChain.java:166)\r\n	at org.springframework.security.web.FilterChainProxy$VirtualFilterChain.doFilter(FilterChainProxy.java:320)\r\n	at org.springframework.security.web.access.intercept.FilterSecurityInterceptor.invoke(FilterSecurityInterceptor.java:126)\r\n	at org.springframework.security.web.access.intercept.FilterSecurityInterceptor.doFilter(FilterSecurityInterceptor.java:90)\r\n	at org.springframework.security.web.FilterChainProxy$VirtualFilterChain.doFilter(FilterChainProxy.java:334)\r\n	at org.springframework.security.web.access.ExceptionTranslationFilter.doFilter(ExceptionTranslationFilter.java:118)\r\n	at org.springframework.security.web.FilterChainProxy$VirtualFilterChain.doFilter(FilterChainProxy.java:334)\r\n	at org.springframework.security.web.session.SessionManagementFilter.doFilter(SessionManagementFilter.java:137)\r\n	at org.springframework.security.web.FilterChainProxy$VirtualFilterChain.doFilter(FilterChainProxy.java:334)\r\n	at org.springframework.security.web.authentication.AnonymousAuthenticationFilter.doFilter(AnonymousAuthenticationFilter.java:111)\r\n	at org.springframework.security.web.FilterChainProxy$VirtualFilterChain.doFilter(FilterChainProxy.java:334)\r\n	at org.springframework.security.web.authentication.rememberme.RememberMeAuthenticationFilter.doFilter(RememberMeAuthenticationFilter.java:158)\r\n	at org.springframework.security.web.FilterChainProxy$VirtualFilterChain.doFilter(FilterChainProxy.java:334)\r\n	at org.springframework.security.web.servletapi.SecurityContextHolderAwareRequestFilter.doFilter(SecurityContextHolderAwareRequestFilter.java:158)\r\n	at org.springframework.security.web.FilterChainProxy$VirtualFilterChain.doFilter(FilterChainProxy.java:334)\r\n	at org.springframework.security.web.savedrequest.RequestCacheAwareFilter.doFilter(RequestCacheAwareFilter.java:63)\r\n	at org.springframework.security.web.FilterChainProxy$VirtualFilterChain.doFilter(FilterChainProxy.java:334)\r\n	at org.springframework.security.web.authentication.www.BasicAuthenticationFilter.doFilterInternal(BasicAuthenticationFilter.java:155)\r\n	at org.springframework.web.filter.OncePerRequestFilter.doFilter(OncePerRequestFilter.java:119)\r\n	at org.springframework.security.web.FilterChainProxy$VirtualFilterChain.doFilter(FilterChainProxy.java:334)\r\n	at org.springframework.security.web.authentication.AbstractAuthenticationProcessingFilter.doFilter(AbstractAuthenticationProcessingFilter.java:200)\r\n	at org.springframework.security.web.FilterChainProxy$VirtualFilterChain.doFilter(FilterChainProxy.java:334)\r\n	at com.codermy.myspringsecurityplus.security.filter.VerifyCodeFilter.doFilterInternal(VerifyCodeFilter.java:51)\r\n	at org.springframework.web.filter.OncePerRequestFilter.doFilter(OncePerRequestFilter.java:119)\r\n	at org.springframework.security.web.FilterChainProxy$VirtualFilterChain.doFilter(FilterChainProxy.java:334)\r\n	at org.springframework.security.web.authentication.logout.LogoutFilter.doFilter(LogoutFilter.java:116)\r\n	at org.springframework.security.web.FilterChainProxy$VirtualFilterChain.doFilter(FilterChainProxy.java:334)\r\n	at org.springframework.security.web.header.HeaderWriterFilter.doHeadersAfter(HeaderWriterFilter.java:92)\r\n	at org.springframework.security.web.header.HeaderWriterFilter.doFilterInternal(HeaderWriterFilter.java:77)\r\n	at org.springframework.web.filter.OncePerRequestFilter.doFilter(OncePerRequestFilter.java:119)\r\n	at org.springframework.security.web.FilterChainProxy$VirtualFilterChain.doFilter(FilterChainProxy.java:334)\r\n	at org.springframework.security.web.context.SecurityContextPersistenceFilter.doFilter(SecurityContextPersistenceFilter.java:105)\r\n	at org.springframework.security.web.FilterChainProxy$VirtualFilterChain.doFilter(FilterChainProxy.java:334)\r\n	at org.springframework.security.web.context.request.async.WebAsyncManagerIntegrationFilter.doFilterInternal(WebAsyncManagerIntegrationFilter.java:56)\r\n	at org.springframework.web.filter.OncePerRequestFilter.doFilter(OncePerRequestFilter.java:119)\r\n	at org.springframework.security.web.FilterChainProxy$VirtualFilterChain.doFilter(FilterChainProxy.java:334)\r\n	at org.springframework.security.web.FilterChainProxy.doFilterInternal(FilterChainProxy.java:215)\r\n	at org.springframework.security.web.FilterChainProxy.doFilter(FilterChainProxy.java:178)\r\n	at org.springframework.web.filter.DelegatingFilterProxy.invokeDelegate(DelegatingFilterProxy.java:358)\r\n	at org.springframework.web.filter.DelegatingFilterProxy.doFilter(DelegatingFilterProxy.java:271)\r\n	at org.apache.catalina.core.ApplicationFilterChain.internalDoFilter(ApplicationFilterChain.java:193)\r\n	at org.apache.catalina.core.ApplicationFilterChain.doFilter(ApplicationFilterChain.java:166)\r\n	at org.springframework.web.filter.RequestContextFilter.doFilterInternal(RequestContextFilter.java:100)\r\n	at org.springframework.web.filter.OncePerRequestFilter.doFilter(OncePerRequestFilter.java:119)\r\n	at org.apache.catalina.core.ApplicationFilterChain.internalDoFilter(ApplicationFilterChain.java:193)\r\n	at org.apache.catalina.core.ApplicationFilterChain.doFilter(ApplicationFilterChain.java:166)\r\n	at org.springframework.web.filter.FormContentFilter.doFilterInternal(FormContentFilter.java:93)\r\n	at org.springframework.web.filter.OncePerRequestFilter.doFilter(OncePerRequestFilter.java:119)\r\n	at org.apache.catalina.core.ApplicationFilterChain.internalDoFilter(ApplicationFilterChain.java:193)\r\n	at org.apache.catalina.core.ApplicationFilterChain.doFilter(ApplicationFilterChain.java:166)\r\n	at org.springframework.web.filter.CharacterEncodingFilter.doFilterInternal(CharacterEncodingFilter.java:201)\r\n	at org.springframework.web.filter.OncePerRequestFilter.doFilter(OncePerRequestFilter.java:119)\r\n	at org.apache.catalina.core.ApplicationFilterChain.internalDoFilter(ApplicationFilterChain.java:193)\r\n	at org.apache.catalina.core.ApplicationFilterChain.doFilter(ApplicationFilterChain.java:166)\r\n	at org.apache.catalina.core.StandardWrapperValve.invoke(StandardWrapperValve.java:202)\r\n	at org.apache.catalina.core.StandardContextValve.__invoke(StandardContextValve.java:96)\r\n	at org.apache.catalina.core.StandardContextValve.invoke(StandardContextValve.java:41002)\r\n	at org.apache.catalina.authenticator.AuthenticatorBase.invoke(AuthenticatorBase.java:541)\r\n	at org.apache.catalina.core.StandardHostValve.invoke(StandardHostValve.java:139)\r\n	at org.apache.catalina.valves.ErrorReportValve.invoke(ErrorReportValve.java:92)\r\n	at org.apache.catalina.core.StandardEngineValve.invoke(StandardEngineValve.java:74)\r\n	at org.apache.catalina.connector.CoyoteAdapter.service(CoyoteAdapter.java:343)\r\n	at org.apache.coyote.http11.Http11Processor.service(Http11Processor.java:373)\r\n	at org.apache.coyote.AbstractProcessorLight.process(AbstractProcessorLight.java:65)\r\n	at org.apache.coyote.AbstractProtocol$ConnectionHandler.process(AbstractProtocol.java:868)\r\n	at org.apache.tomcat.util.net.NioEndpoint$SocketProcessor.doRun(NioEndpoint.java:1590)\r\n	at org.apache.tomcat.util.net.SocketProcessorBase.run(SocketProcessorBase.java:49)\r\n	at java.util.concurrent.ThreadPoolExecutor.runWorker(ThreadPoolExecutor.java:1149)\r\n	at java.util.concurrent.ThreadPoolExecutor$Worker.run(ThreadPoolExecutor.java:624)\r\n	at org.apache.tomcat.util.threads.TaskThread$WrappingRunnable.run(TaskThread.java:61)\r\n	at java.lang.Thread.run(Thread.java:748)\r\nCaused by: java.sql.SQLException: Field \'id\' doesn\'t have a default value\r\n	at com.mysql.cj.jdbc.exceptions.SQLError.createSQLException(SQLError.java:129)\r\n	at com.mysql.cj.jdbc.exceptions.SQLError.createSQLException(SQLError.java:97)\r\n	at com.mysql.cj.jdbc.exceptions.SQLExceptionsMapping.translateException(SQLExceptionsMapping.java:122)\r\n	at com.mysql.cj.jdbc.ClientPreparedStatement.executeInternal(ClientPreparedStatement.java:953)\r\n	at com.mysql.cj.jdbc.ClientPreparedStatement.execute(ClientPreparedStatement.java:370)\r\n	at com.alibaba.druid.filter.FilterChainImpl.preparedStatement_execute(FilterChainImpl.java:3461)\r\n	at com.alibaba.druid.filter.FilterEventAdapter.preparedStatement_execute(FilterEventAdapter.java:440)\r\n	at com.alibaba.druid.filter.FilterChainImpl.preparedStatement_execute(FilterChainImpl.java:3459)\r\n	at com.alibaba.druid.proxy.jdbc.PreparedStatementProxyImpl.execute(PreparedStatementProxyImpl.java:167)\r\n	at com.alibaba.druid.pool.DruidPooledPreparedStatement.execute(DruidPooledPreparedStatement.java:497)\r\n	at org.apache.ibatis.executor.statement.PreparedStatementHandler.update(PreparedStatementHandler.java:47)\r\n	at org.apache.ibatis.executor.statement.RoutingStatementHandler.update(RoutingStatementHandler.java:74)\r\n	at org.apache.ibatis.executor.SimpleExecutor.doUpdate(SimpleExecutor.java:50)\r\n	at org.apache.ibatis.executor.BaseExecutor.update(BaseExecutor.java:117)\r\n	at org.apache.ibatis.executor.CachingExecutor.update(CachingExecutor.java:76)\r\n	at sun.reflect.NativeMethodAccessorImpl.invoke0(Native Method)\r\n	at sun.reflect.NativeMethodAccessorImpl.invoke(NativeMethodAccessorImpl.java:62)\r\n	at sun.reflect.DelegatingMethodAccessorImpl.invoke(DelegatingMethodAccessorImpl.java:43)\r\n	at java.lang.reflect.Method.invoke(Method.java:498)\r\n	at org.apache.ibatis.plugin.Plugin.invoke(Plugin.java:63)\r\n	at com.sun.proxy.$Proxy153.update(Unknown Source)\r\n	at org.apache.ibatis.session.defaults.DefaultSqlSession.update(DefaultSqlSession.java:197)\r\n	at org.apache.ibatis.session.defaults.DefaultSqlSession.insert(DefaultSqlSession.java:184)\r\n	at sun.reflect.NativeMethodAccessorImpl.invoke0(Native Method)\r\n	at sun.reflect.NativeMethodAccessorImpl.invoke(NativeMethodAccessorImpl.java:62)\r\n	at sun.reflect.DelegatingMethodAccessorImpl.invoke(DelegatingMethodAccessorImpl.java:43)\r\n	at java.lang.reflect.Method.invoke(Method.java:498)\r\n	at org.mybatis.spring.SqlSessionTemplate$SqlSessionInterceptor.invoke(SqlSessionTemplate.java:426)\r\n	... 134 more\r\n');
INSERT INTO `my_log` VALUES (2756, 'admin', '192.168.31.244', '添加字典详情', '{ myDictDetail: MyDictDetail(Id=null, dictId=1, label=中性别, value=0, sort=3, createBy=null, updateBy=null) }', 'Chrome 8', 3, 'INFO', 'com.codermy.myspringsecurityplus.admin.controller.DictDetailController.saveDictDetail()', '2020-11-07 19:58:37', NULL);
INSERT INTO `my_log` VALUES (2757, 'admin', '192.168.31.244', '查询字典列表', '{ pageTableRequest: PageTableRequest(page=1, limit=10, offset=0) myDict: MyDict(dictId=null, dictName=null, description=null, sort=null, createBy=null, updateBy=null) }', 'Chrome 8', 33, 'INFO', 'com.codermy.myspringsecurityplus.admin.controller.DictController.getDictAll()', '2020-11-07 20:04:22', NULL);
INSERT INTO `my_log` VALUES (2758, 'admin', '192.168.31.244', '查询岗位', '{ pageTableRequest: PageTableRequest(page=1, limit=10, offset=0) jobQueryDto: JobQueryDto(queryName=null, queryStatus=null) }', 'Chrome 8', 6, 'INFO', 'com.codermy.myspringsecurityplus.admin.controller.JobController.getJobAll()', '2020-11-07 20:05:06', NULL);
INSERT INTO `my_log` VALUES (2759, 'admin', '192.168.31.244', '查询字典列表', '{ pageTableRequest: PageTableRequest(page=1, limit=10, offset=0) myDict: MyDict(dictId=null, dictName=null, description=null, sort=null, createBy=null, updateBy=null) }', 'Chrome 8', 4, 'INFO', 'com.codermy.myspringsecurityplus.admin.controller.DictController.getDictAll()', '2020-11-07 20:05:08', NULL);

-- ----------------------------
-- Table structure for my_menu
-- ----------------------------
DROP TABLE IF EXISTS `my_menu`;
CREATE TABLE `my_menu`  (
  `menu_id` int(32) NOT NULL AUTO_INCREMENT COMMENT 'id值',
  `parent_id` int(32) NOT NULL COMMENT '父级菜单id',
  `menu_name` varchar(255) CHARACTER SET utf8 COLLATE utf8_general_ci NOT NULL COMMENT '菜单名称',
  `icon` varchar(255) CHARACTER SET utf8 COLLATE utf8_general_ci NULL DEFAULT NULL COMMENT '菜单图标',
  `url` varchar(255) CHARACTER SET utf8 COLLATE utf8_general_ci NULL DEFAULT NULL COMMENT 'url',
  `permission` varchar(255) CHARACTER SET utf8 COLLATE utf8_general_ci NULL DEFAULT NULL COMMENT '权限',
  `sort` int(12) NULL DEFAULT NULL COMMENT '排序',
  `type` tinyint(1) NOT NULL COMMENT '类型',
  `create_time` datetime(0) NOT NULL COMMENT '创建时间',
  `update_time` datetime(0) NOT NULL COMMENT '更新时间',
  PRIMARY KEY (`menu_id`) USING BTREE
) ENGINE = InnoDB AUTO_INCREMENT = 90 CHARACTER SET = utf8 COLLATE = utf8_general_ci ROW_FORMAT = Dynamic;

-- ----------------------------
-- Records of my_menu
-- ----------------------------
INSERT INTO `my_menu` VALUES (1, 0, '工作空间', 'layui-icon layui-icon-console', '', '', 1, 0, '2020-07-13 20:14:26', '2020-07-14 14:38:28');
INSERT INTO `my_menu` VALUES (2, 1, '控制后台', 'layui-icon layui-icon-console', '/api/console', '', 2, 1, '2020-07-13 20:19:02', '2020-07-13 20:19:08');
INSERT INTO `my_menu` VALUES (3, 0, '系统管理', 'layui-icon layui-icon-set-fill', '', '', 3, 0, '2020-07-10 09:33:00', '2020-07-12 21:03:22');
INSERT INTO `my_menu` VALUES (4, 3, '用户管理', 'layui-icon layui-icon-username', '/api/user/index', 'user:list', 4, 1, '2020-07-10 09:33:33', '2020-07-13 09:30:12');
INSERT INTO `my_menu` VALUES (5, 3, '角色管理', 'layui-icon layui-icon-user', '/api/role/index', 'role:list', 5, 1, '2020-07-10 09:34:17', '2020-07-10 09:34:20');
INSERT INTO `my_menu` VALUES (6, 3, '菜单管理', 'layui-icon layui-icon-vercode', '/api/menu/index', 'menu:list', 6, 1, '2020-07-10 09:34:50', '2020-07-10 09:34:53');
INSERT INTO `my_menu` VALUES (7, 0, '系统监控', 'layui-icon layui-icon-console', '', '', 7, 0, '2020-07-10 09:35:20', '2020-07-12 20:58:31');
INSERT INTO `my_menu` VALUES (8, 7, 'SQL监控', 'layui-icon layui-icon-chart', '/druid/login', '', 8, 1, '2020-07-10 09:35:50', '2020-07-10 09:35:53');
INSERT INTO `my_menu` VALUES (9, 7, '接口文档', 'layui-icon layui-icon-chart', '/swagger-ui.html', NULL, 9, 1, '2020-07-10 09:36:11', '2020-07-12 20:04:57');
INSERT INTO `my_menu` VALUES (10, 0, '错误页面', 'layui-icon layui-icon-auz', NULL, NULL, 10, 0, '2020-07-14 13:31:16', '2020-07-14 13:31:24');
INSERT INTO `my_menu` VALUES (11, 10, '403', 'layui-icon layui-icon layui-icon-face-cry', '/api/403', '', 11, 1, '2020-07-14 13:36:47', '2020-08-23 12:05:38');
INSERT INTO `my_menu` VALUES (12, 10, '404', 'layui-icon layui-icon-face-cry', '/api/404', NULL, 12, 1, '2020-07-14 13:37:22', '2020-07-14 13:37:25');
INSERT INTO `my_menu` VALUES (13, 10, '500', 'layui-icon layui-icon layui-icon layui-icon layui-icon layui-icon layui-icon-face-cry', '/api/500', '', 13, 1, '2020-07-14 13:38:09', '2020-08-27 14:59:07');
INSERT INTO `my_menu` VALUES (14, 4, '用户新增', NULL, NULL, 'user:add', 4, 2, '2020-07-10 09:36:41', '2020-07-10 09:36:44');
INSERT INTO `my_menu` VALUES (15, 4, '用户编辑', NULL, NULL, 'user:edit', 4, 2, '2020-07-10 09:37:16', '2020-07-10 09:37:18');
INSERT INTO `my_menu` VALUES (16, 4, '用户删除', NULL, NULL, 'user:del', 4, 2, '2020-07-10 09:37:38', '2020-07-10 09:37:40');
INSERT INTO `my_menu` VALUES (17, 5, '角色新增', NULL, NULL, 'role:add', 5, 2, '2020-07-10 09:38:02', '2020-07-10 09:38:05');
INSERT INTO `my_menu` VALUES (18, 5, '角色编辑', NULL, NULL, 'role:edit', 5, 2, '2020-07-10 09:38:30', '2020-07-10 09:38:32');
INSERT INTO `my_menu` VALUES (19, 5, '角色删除', NULL, NULL, 'role:del', 5, 2, '2020-07-10 09:38:51', '2020-07-10 09:38:54');
INSERT INTO `my_menu` VALUES (20, 6, '菜单新增', NULL, NULL, 'menu:add', 6, 2, '2020-07-10 09:39:16', '2020-07-10 09:39:21');
INSERT INTO `my_menu` VALUES (21, 6, '菜单修改', NULL, NULL, 'menu:edit', 6, 2, '2020-07-10 09:39:46', '2020-07-10 09:39:48');
INSERT INTO `my_menu` VALUES (22, 6, '菜单删除', NULL, NULL, 'menu:del', 6, 2, '2020-07-10 09:40:08', '2020-07-10 09:40:10');
INSERT INTO `my_menu` VALUES (35, 7, '操作日志', 'layui-icon-group', '/api/log/index', 'log:list', 7, 1, '2020-08-04 11:38:45', '2020-08-04 11:38:58');
INSERT INTO `my_menu` VALUES (36, 7, '异常日志', 'layui-icon-face-cry', '/api/log/error/index', 'errorLog:list', 7, 1, '2020-08-04 11:42:22', '2020-08-04 11:42:22');
INSERT INTO `my_menu` VALUES (66, 35, '日志删除', 'layui-icon ', '', 'log:del', 7, 2, '2020-08-09 15:16:03', '2020-08-09 15:16:03');
INSERT INTO `my_menu` VALUES (67, 36, '异常日志删除', 'layui-icon layui-icon layui-icon ', '', 'errorLog:del', 7, 2, '2020-08-09 15:16:30', '2020-08-09 15:16:59');
INSERT INTO `my_menu` VALUES (68, 3, '部门管理', 'layui-icon layui-icon layui-icon layui-icon-group', '/api/dept/index', 'dept:list', 7, 1, '2020-08-19 15:03:27', '2020-08-23 16:34:51');
INSERT INTO `my_menu` VALUES (69, 3, '岗位管理', 'layui-icon layui-icon layui-icon layui-icon-group', '/api/job/index', 'job:list', 8, 1, '2020-08-19 16:31:46', '2020-08-23 16:32:14');
INSERT INTO `my_menu` VALUES (70, 0, '系统工具', 'layui-icon layui-icon layui-icon-app', '', '', 8, 0, '2020-08-19 18:43:13', '2020-08-20 11:43:19');
INSERT INTO `my_menu` VALUES (71, 70, '定时任务', 'layui-icon layui-icon-play', '/api/quartz/index', '', 9, 1, '2020-08-21 09:17:54', '2020-08-21 09:20:37');
INSERT INTO `my_menu` VALUES (75, 69, '岗位新增', 'layui-icon ', '', 'job:add', 9, 2, '2020-08-23 16:32:59', '2020-08-23 16:32:59');
INSERT INTO `my_menu` VALUES (76, 69, '岗位修改', 'layui-icon ', '', 'job:edit', 10, 2, '2020-08-23 16:33:36', '2020-08-23 16:33:36');
INSERT INTO `my_menu` VALUES (77, 69, '岗位删除', 'layui-icon ', '', 'job:del', 10, 2, '2020-08-23 16:34:08', '2020-08-23 16:34:08');
INSERT INTO `my_menu` VALUES (78, 68, '部门新增', 'layui-icon ', '', 'dept:add', 8, 2, '2020-08-23 16:34:39', '2020-08-23 16:34:39');
INSERT INTO `my_menu` VALUES (79, 68, '部门修改', 'layui-icon ', '', 'dept:edit', 9, 2, '2020-08-23 16:35:18', '2020-08-23 16:35:18');
INSERT INTO `my_menu` VALUES (80, 68, '部门删除', 'layui-icon ', '', 'dept:del', 10, 2, '2020-08-23 16:35:41', '2020-08-23 16:35:41');
INSERT INTO `my_menu` VALUES (81, 7, '在线用户', 'layui-icon layui-icon layui-icon layui-icon-username', '/api/online/index', '', 7, 1, '2020-08-26 14:34:16', '2020-08-26 14:38:16');
INSERT INTO `my_menu` VALUES (82, 70, '代码生成', 'layui-icon layui-icon layui-icon-fonts-code', '/api/generator/index', '', 10, 1, '2020-08-26 14:35:10', '2020-08-26 14:37:56');
INSERT INTO `my_menu` VALUES (85, 70, '表单构建', 'layui-icon layui-icon-fire', '/api/form/build', '', 11, 1, '2020-10-01 13:20:34', '2020-10-01 13:20:45');
INSERT INTO `my_menu` VALUES (86, 3, '字典管理', 'layui-icon layui-icon-form', '/api/dict/index', 'dict:list', 9, 1, '2020-11-07 14:44:36', '2020-11-07 14:45:33');
INSERT INTO `my_menu` VALUES (87, 86, '字典新增', 'layui-icon ', '', 'dict:add', 11, 2, '2020-11-07 14:46:21', '2020-11-07 14:46:21');
INSERT INTO `my_menu` VALUES (88, 86, '字典修改', 'layui-icon ', '', 'dict:edit', 12, 2, '2020-11-07 14:46:52', '2020-11-07 14:46:52');
INSERT INTO `my_menu` VALUES (89, 86, '字典删除', 'layui-icon ', '', 'dict:del', 13, 2, '2020-11-07 14:47:15', '2020-11-07 14:47:15');

-- ----------------------------
-- Table structure for my_role
-- ----------------------------
DROP TABLE IF EXISTS `my_role`;
CREATE TABLE `my_role`  (
  `role_id` int(32) NOT NULL AUTO_INCREMENT COMMENT 'id值',
  `role_name` varchar(255) CHARACTER SET utf8 COLLATE utf8_general_ci NOT NULL COMMENT '名称',
  `description` varchar(255) CHARACTER SET utf8 COLLATE utf8_general_ci NULL DEFAULT NULL COMMENT '描述',
  `create_time` datetime(0) NULL DEFAULT NULL COMMENT '创建时间',
  `update_time` datetime(0) NULL DEFAULT NULL COMMENT '更新时间',
  `data_scope` char(1) CHARACTER SET utf8 COLLATE utf8_general_ci NULL DEFAULT NULL COMMENT '数据范围（1：全部数据权限 2：自定数据权限 3：本部门数据权限 4：本部门及以下数据权限）',
  PRIMARY KEY (`role_id`) USING BTREE
) ENGINE = InnoDB AUTO_INCREMENT = 3 CHARACTER SET = utf8 COLLATE = utf8_general_ci ROW_FORMAT = Dynamic;

-- ----------------------------
-- Records of my_role
-- ----------------------------
INSERT INTO `my_role` VALUES (1, 'ADMIN', '超级管理员，拥有所有权限', '2020-07-10 09:40:35', '2020-11-07 14:47:39', '1');
INSERT INTO `my_role` VALUES (2, 'USER', '普通用户', '2020-07-10 09:40:56', '2020-11-07 14:47:52', '2');

-- ----------------------------
-- Table structure for my_role_dept
-- ----------------------------
DROP TABLE IF EXISTS `my_role_dept`;
CREATE TABLE `my_role_dept`  (
  `role_id` int(32) NOT NULL COMMENT '角色id',
  `dept_id` int(32) NOT NULL COMMENT '部门id',
  PRIMARY KEY (`role_id`, `dept_id`) USING BTREE
) ENGINE = InnoDB CHARACTER SET = utf8 COLLATE = utf8_general_ci ROW_FORMAT = Dynamic;

-- ----------------------------
-- Records of my_role_dept
-- ----------------------------
INSERT INTO `my_role_dept` VALUES (2, 5);
INSERT INTO `my_role_dept` VALUES (2, 6);
INSERT INTO `my_role_dept` VALUES (2, 7);

-- ----------------------------
-- Table structure for my_role_menu
-- ----------------------------
DROP TABLE IF EXISTS `my_role_menu`;
CREATE TABLE `my_role_menu`  (
  `role_id` int(32) NOT NULL COMMENT '角色id',
  `menu_id` int(32) NOT NULL COMMENT '菜单id',
  PRIMARY KEY (`role_id`, `menu_id`) USING BTREE
) ENGINE = InnoDB CHARACTER SET = utf8 COLLATE = utf8_general_ci ROW_FORMAT = Dynamic;

-- ----------------------------
-- Records of my_role_menu
-- ----------------------------
INSERT INTO `my_role_menu` VALUES (1, 1);
INSERT INTO `my_role_menu` VALUES (1, 2);
INSERT INTO `my_role_menu` VALUES (1, 3);
INSERT INTO `my_role_menu` VALUES (1, 4);
INSERT INTO `my_role_menu` VALUES (1, 5);
INSERT INTO `my_role_menu` VALUES (1, 6);
INSERT INTO `my_role_menu` VALUES (1, 7);
INSERT INTO `my_role_menu` VALUES (1, 8);
INSERT INTO `my_role_menu` VALUES (1, 9);
INSERT INTO `my_role_menu` VALUES (1, 10);
INSERT INTO `my_role_menu` VALUES (1, 11);
INSERT INTO `my_role_menu` VALUES (1, 12);
INSERT INTO `my_role_menu` VALUES (1, 13);
INSERT INTO `my_role_menu` VALUES (1, 14);
INSERT INTO `my_role_menu` VALUES (1, 15);
INSERT INTO `my_role_menu` VALUES (1, 16);
INSERT INTO `my_role_menu` VALUES (1, 17);
INSERT INTO `my_role_menu` VALUES (1, 18);
INSERT INTO `my_role_menu` VALUES (1, 19);
INSERT INTO `my_role_menu` VALUES (1, 20);
INSERT INTO `my_role_menu` VALUES (1, 21);
INSERT INTO `my_role_menu` VALUES (1, 22);
INSERT INTO `my_role_menu` VALUES (1, 35);
INSERT INTO `my_role_menu` VALUES (1, 36);
INSERT INTO `my_role_menu` VALUES (1, 66);
INSERT INTO `my_role_menu` VALUES (1, 67);
INSERT INTO `my_role_menu` VALUES (1, 68);
INSERT INTO `my_role_menu` VALUES (1, 69);
INSERT INTO `my_role_menu` VALUES (1, 70);
INSERT INTO `my_role_menu` VALUES (1, 71);
INSERT INTO `my_role_menu` VALUES (1, 75);
INSERT INTO `my_role_menu` VALUES (1, 76);
INSERT INTO `my_role_menu` VALUES (1, 77);
INSERT INTO `my_role_menu` VALUES (1, 78);
INSERT INTO `my_role_menu` VALUES (1, 79);
INSERT INTO `my_role_menu` VALUES (1, 80);
INSERT INTO `my_role_menu` VALUES (1, 81);
INSERT INTO `my_role_menu` VALUES (1, 82);
INSERT INTO `my_role_menu` VALUES (1, 85);
INSERT INTO `my_role_menu` VALUES (1, 86);
INSERT INTO `my_role_menu` VALUES (1, 87);
INSERT INTO `my_role_menu` VALUES (1, 88);
INSERT INTO `my_role_menu` VALUES (1, 89);
INSERT INTO `my_role_menu` VALUES (2, 1);
INSERT INTO `my_role_menu` VALUES (2, 2);
INSERT INTO `my_role_menu` VALUES (2, 3);
INSERT INTO `my_role_menu` VALUES (2, 4);
INSERT INTO `my_role_menu` VALUES (2, 5);
INSERT INTO `my_role_menu` VALUES (2, 6);
INSERT INTO `my_role_menu` VALUES (2, 10);
INSERT INTO `my_role_menu` VALUES (2, 11);
INSERT INTO `my_role_menu` VALUES (2, 12);
INSERT INTO `my_role_menu` VALUES (2, 13);
INSERT INTO `my_role_menu` VALUES (2, 14);
INSERT INTO `my_role_menu` VALUES (2, 15);
INSERT INTO `my_role_menu` VALUES (2, 16);
INSERT INTO `my_role_menu` VALUES (2, 68);
INSERT INTO `my_role_menu` VALUES (2, 69);
INSERT INTO `my_role_menu` VALUES (2, 70);
INSERT INTO `my_role_menu` VALUES (2, 71);
INSERT INTO `my_role_menu` VALUES (2, 78);
INSERT INTO `my_role_menu` VALUES (2, 79);
INSERT INTO `my_role_menu` VALUES (2, 80);
INSERT INTO `my_role_menu` VALUES (2, 86);

-- ----------------------------
-- Table structure for my_role_user
-- ----------------------------
DROP TABLE IF EXISTS `my_role_user`;
CREATE TABLE `my_role_user`  (
  `user_id` int(32) NOT NULL COMMENT '用户id',
  `role_id` int(32) NOT NULL COMMENT '角色id',
  PRIMARY KEY (`user_id`) USING BTREE
) ENGINE = InnoDB CHARACTER SET = utf8 COLLATE = utf8_general_ci ROW_FORMAT = Dynamic;

-- ----------------------------
-- Records of my_role_user
-- ----------------------------
INSERT INTO `my_role_user` VALUES (1, 1);
INSERT INTO `my_role_user` VALUES (2, 2);
INSERT INTO `my_role_user` VALUES (3, 2);
INSERT INTO `my_role_user` VALUES (4, 2);
INSERT INTO `my_role_user` VALUES (5, 2);
INSERT INTO `my_role_user` VALUES (6, 2);
INSERT INTO `my_role_user` VALUES (7, 2);
INSERT INTO `my_role_user` VALUES (8, 2);

-- ----------------------------
-- Table structure for my_user
-- ----------------------------
DROP TABLE IF EXISTS `my_user`;
CREATE TABLE `my_user`  (
  `user_id` int(32) NOT NULL AUTO_INCREMENT COMMENT 'id值',
  `dept_id` int(32) NULL DEFAULT NULL COMMENT '部门id',
  `user_name` varchar(255) CHARACTER SET utf8 COLLATE utf8_general_ci NOT NULL COMMENT '用户名',
  `password` varchar(255) CHARACTER SET utf8 COLLATE utf8_general_ci NOT NULL COMMENT '密码',
  `nick_name` varchar(255) CHARACTER SET utf8 COLLATE utf8_general_ci NOT NULL COMMENT '用户昵称',
  `phone` varchar(11) CHARACTER SET utf8 COLLATE utf8_general_ci NOT NULL COMMENT '手机号',
  `email` varchar(50) CHARACTER SET utf8 COLLATE utf8_general_ci NULL DEFAULT NULL COMMENT '邮箱',
  `status` tinyint(1) NOT NULL COMMENT '状态',
  `create_time` datetime(0) NOT NULL COMMENT '创建时间',
  `update_time` datetime(0) NOT NULL COMMENT '更新时间',
  PRIMARY KEY (`user_id`) USING BTREE
) ENGINE = InnoDB AUTO_INCREMENT = 9 CHARACTER SET = utf8 COLLATE = utf8_general_ci ROW_FORMAT = Dynamic;

-- ----------------------------
-- Records of my_user
-- ----------------------------
INSERT INTO `my_user` VALUES (1, 1, 'admin', '$2a$10$pAuzCLIe6Sl7kXfX6FEQ1uzM79V2njg.KtL9qawg9JkW7e1f417k2', '管理员', '13556336255', '1454564646@qq.com', 1, '2020-07-10 09:42:03', '2020-08-23 16:24:34');
INSERT INTO `my_user` VALUES (2, 2, 'test', '$2a$10$pAuzCLIe6Sl7kXfX6FEQ1uzM79V2njg.KtL9qawg9JkW7e1f417k2', '测试用户', '13556336256', '1454564646@163.com', 1, '2020-07-10 09:42:09', '2020-07-13 17:49:49');
INSERT INTO `my_user` VALUES (3, 2, 'test1', '$2a$10$exOfpFK2TNHnAdG/aaVTFeCDLihkg8JfD1qGWKjCOBdicxcQJax5W', '普通用户2', '13556336257', '1454564646@qq.com', 1, '2020-07-10 09:42:14', '2020-07-10 09:42:16');
INSERT INTO `my_user` VALUES (4, 2, 'test2', '$2a$10$RR665iMnfCuYGY0Af344U.Fy3XmGcgjkURENW/Zea/oAEhuiLyjO.', '普通用户3', '13556336258', '1454564646@qq.com', 1, '2020-07-10 09:42:19', '2020-07-10 09:42:21');
INSERT INTO `my_user` VALUES (5, 3, 'test3', '$2a$10$o0lZgmzReca24TP5viy/nOrPQty4jga1W.BG5SvgdeK9eprm.NoMa', '普通用户4', '13556336259', '1454564646@qq.com', 1, '2020-07-10 09:42:23', '2020-07-10 09:42:25');
INSERT INTO `my_user` VALUES (6, 3, 'test4', '$2a$10$jNU1gXN.wAPhq5vUmLrCoeyDJbF3ReSnYQ2IulJA99drcMs1w1Som', '封禁用户', '13556336250', '1454564646@qq.com', 0, '2020-07-10 09:42:27', '2020-07-13 17:54:11');
INSERT INTO `my_user` VALUES (7, 3, 'test5', '$2a$10$ADEBRX13Z9vvNxzdu/HiROaB1F7rYd5DHpE9UWeXtNOSbeB1tcWie', '封禁用户2', '13556336211', '1454564646@qq.com', 0, '2020-07-10 09:42:32', '2020-07-10 09:42:34');
INSERT INTO `my_user` VALUES (8, 6, 'test6', '$2a$10$2aLbMBdNottSq13J.tfIF.5IFgTcDlWwOQI7btckzsq3vl2KtWOV6', '测试修改', '13556336253', '1454564646@qq.com', 1, '2020-07-10 09:42:36', '2020-10-01 14:24:19');

-- ----------------------------
-- Table structure for my_user_job
-- ----------------------------
DROP TABLE IF EXISTS `my_user_job`;
CREATE TABLE `my_user_job`  (
  `user_id` int(32) NOT NULL COMMENT '岗位id',
  `job_id` int(32) NOT NULL COMMENT '工作id',
  PRIMARY KEY (`user_id`, `job_id`) USING BTREE
) ENGINE = InnoDB CHARACTER SET = utf8 COLLATE = utf8_general_ci ROW_FORMAT = Dynamic;

-- ----------------------------
-- Records of my_user_job
-- ----------------------------
INSERT INTO `my_user_job` VALUES (1, 1);
INSERT INTO `my_user_job` VALUES (2, 2);
INSERT INTO `my_user_job` VALUES (3, 3);
INSERT INTO `my_user_job` VALUES (4, 2);
INSERT INTO `my_user_job` VALUES (5, 1);
INSERT INTO `my_user_job` VALUES (6, 2);
INSERT INTO `my_user_job` VALUES (7, 3);
INSERT INTO `my_user_job` VALUES (8, 2);
INSERT INTO `my_user_job` VALUES (8, 3);

SET FOREIGN_KEY_CHECKS = 1;
